episode,step,total_reward,r_progress,r_heading,r_lane,r_wall_soft,r_wall_danger,r_speed_wall,r_time_penalty,r_checkpoint,min_lidar_m,wp_index,x,y,speed_mps,steer_rad
0,100,21.8,0.065,0.15,0.091,0.0,0.0,0.0,-0.05,0.0,1.245,0,0.118,0.005,1.228,0.599
0,200,36.264,0.037,0.144,0.073,0.0,0.0,0.0,-0.05,0.0,1.24,0,0.175,0.01,3.0,-0.05
0,300,54.658,0.184,0.155,0.039,0.0,0.0,0.0,-0.05,0.0,1.218,0,0.308,0.033,3.0,-0.053
0,400,74.424,0.008,0.15,0.034,0.0,0.0,0.0,-0.05,0.0,1.217,0,0.467,0.033,3.0,0.547
0,500,83.256,0.001,0.14,-0.026,-0.011,0.0,0.0,-0.05,0.0,1.198,0,0.547,0.053,3.0,0.132
0,600,78.989,0.039,0.136,-0.147,-0.095,0.0,0.0,-0.05,0.0,1.181,0,0.595,0.069,3.0,0.132
0,700,59.518,0.0,0.133,-0.282,-0.189,0.0,0.0,-0.05,0.0,1.162,0,0.636,0.088,-1.0,0.532
0,800,32.355,-0.001,0.131,-0.313,-0.21,0.0,0.0,-0.05,0.0,1.158,0,0.649,0.092,-1.0,-0.068
0,900,-0.109,0.007,0.133,-0.402,-0.275,0.0,0.0,-0.05,0.0,1.145,0,0.674,0.105,-1.0,-0.168
0,1000,-42.152,0.0,0.135,-0.499,-0.344,0.0,0.0,-0.05,0.0,1.131,0,0.704,0.12,3.0,-0.627
0,1100,-94.586,0.081,0.142,-0.688,-0.485,0.0,0.0,-0.05,0.0,1.103,0,0.797,0.148,-1.0,-0.227
0,1200,-164.152,0.0,0.14,-0.78,-0.55,0.0,0.0,-0.05,0.0,1.09,0,0.854,0.16,-1.0,0.356
0,1300,-241.9,0.0,0.137,-0.885,-0.623,0.0,0.0,-0.05,0.0,1.075,0,0.912,0.175,-1.0,0.519
0,1400,-332.261,-0.023,0.133,-1.02,-0.717,0.0,0.0,-0.05,0.0,1.057,0,0.964,0.194,3.0,-0.245
0,1500,-434.135,0.151,0.139,-1.161,-0.821,0.0,0.0,-0.05,0.0,1.036,0,1.031,0.215,0.247,0.055
0,1600,-550.882,0.015,0.134,-1.33,-0.938,0.0,0.0,-0.05,0.0,1.012,0,1.11,0.238,-0.334,0.153
0,1700,-685.423,-0.027,0.132,-1.412,-0.996,0.0,0.0,-0.05,0.0,1.001,0,1.14,0.249,-1.0,0.148
0,1800,-825.94,0.051,0.133,-1.55,-1.096,0.0,0.0,-0.05,0.0,0.981,0,1.19,0.269,1.898,-0.152
0,1900,-982.035,0.0,0.136,-1.679,-1.189,0.0,0.0,-0.05,0.0,0.962,0,1.254,0.288,3.0,-0.252
0,2000,-1147.951,0.011,0.138,-1.808,-1.283,0.0,0.0,-0.05,0.0,0.943,0,1.335,0.307,-1.0,0.228
0,2100,-1091.064,0.0,0.105,-0.283,-0.17,0.0,0.0,-0.05,0.0,1.166,1,1.91,0.084,3.0,0.281
0,2200,-1119.446,0.011,0.104,-0.261,-0.154,0.0,0.0,-0.05,0.0,1.169,1,1.913,0.081,3.0,-0.165
0,2300,-1140.719,0.0,0.103,-0.188,-0.101,0.0,0.0,-0.05,0.0,1.18,1,1.919,0.07,-1.0,-0.52
0,2400,-1155.652,-0.001,0.102,-0.125,-0.054,0.0,0.0,-0.05,0.0,1.189,1,1.925,0.061,-1.0,-0.7
0,2500,-1166.416,0.0,0.1,-0.08,-0.023,0.0,0.0,-0.05,0.0,1.195,1,1.93,0.054,-1.0,-0.531
0,2600,-1169.298,0.0,0.095,-0.013,0.0,0.0,0.0,-0.05,0.0,1.221,1,1.941,0.029,3.0,-0.7
0,2700,-1169.811,0.0,0.094,0.001,0.0,0.0,0.0,-0.05,0.0,1.228,1,1.944,0.022,-0.668,-0.405
0,2800,-1167.602,-0.0,0.092,0.041,0.0,0.0,0.0,-0.05,0.0,1.249,1,1.949,0.001,-1.0,-0.344
0,2900,-1164.041,-0.015,0.091,0.027,0.0,0.0,0.0,-0.05,0.0,1.243,1,1.951,-0.007,3.0,-0.666
0,3000,-1161.732,-0.012,0.091,0.027,0.0,0.0,0.0,-0.05,0.0,1.242,1,1.952,-0.007,-1.0,-0.486
0,3100,-1159.168,-0.001,0.091,0.013,0.0,0.0,0.0,-0.05,0.0,1.236,1,1.954,-0.014,-1.0,-0.386
0,3200,-1158.283,0.004,0.09,-0.002,0.0,0.0,0.0,-0.05,0.0,1.229,1,1.956,-0.021,0.664,-0.692
0,3300,-1157.719,-0.01,0.091,0.016,0.0,0.0,0.0,-0.05,0.0,1.237,1,1.954,-0.013,-1.0,-0.2
0,3400,-1156.674,-0.005,0.091,0.011,0.0,0.0,0.0,-0.05,0.0,1.235,1,1.955,-0.015,3.0,-0.7
0,3500,-1155.931,-0.005,0.09,0.004,0.0,0.0,0.0,-0.05,0.0,1.231,1,1.955,-0.018,-1.0,-0.114
0,3600,-1157.035,-0.001,0.09,0.001,0.0,0.0,0.0,-0.05,0.0,1.231,1,1.955,-0.02,3.0,-0.214
0,3700,-1157.821,0.0,0.09,-0.006,0.0,0.0,0.0,-0.05,0.0,1.227,1,1.955,-0.023,-1.0,0.019
0,3800,-1158.357,-0.013,0.089,0.02,0.0,0.0,0.0,-0.05,0.0,1.239,1,1.952,-0.009,3.0,0.001
0,3900,-1155.07,0.0,0.091,0.031,0.0,0.0,0.0,-0.05,0.0,1.245,1,1.951,0.005,-1.0,-0.65
0,4000,-1151.646,0.001,0.09,0.037,0.0,0.0,0.0,-0.05,0.0,1.248,1,1.953,-0.002,-1.0,-0.579
0,4100,-1152.102,0.056,0.108,-0.242,-0.145,0.0,0.0,-0.05,0.0,1.171,1,1.925,0.078,-1.0,-0.6
0,4200,-1169.368,-0.014,0.106,-0.136,-0.065,0.0,0.0,-0.05,0.0,1.187,1,1.935,0.063,-1.0,-0.1
0,4300,-1186.405,0.001,0.107,-0.187,-0.103,0.0,0.0,-0.05,0.0,1.179,1,1.931,0.071,-0.424,0.0
0,4400,-1202.906,-0.017,0.108,-0.144,-0.073,0.0,0.0,-0.05,0.0,1.185,1,1.936,0.065,1.4,0.4
0,4500,-1214.379,-0.005,0.11,-0.097,-0.04,0.0,0.0,-0.05,0.0,1.192,1,1.941,0.058,-1.0,0.15
0,4600,-1223.918,0.004,0.109,-0.108,-0.047,0.0,0.0,-0.05,0.0,1.191,1,1.939,0.06,-1.0,0.75
0,4700,-1231.323,-0.003,0.11,-0.077,-0.028,0.0,0.0,-0.05,0.0,1.194,1,1.941,0.054,3.0,0.75
0,4800,-1235.229,0.005,0.111,-0.043,-0.003,0.0,0.0,-0.05,0.0,1.199,1,1.945,0.051,-1.0,0.34
0,4900,-1241.259,0.0,0.111,-0.036,0.0,0.0,0.0,-0.05,0.0,1.2,1,1.945,0.049,3.0,0.34
0,5000,-1245.931,-0.023,0.111,-0.06,-0.013,0.0,0.0,-0.05,0.0,1.197,1,1.941,0.054,0.79,0.399
0,5100,-1249.771,0.007,0.113,-0.027,0.0,0.0,0.0,-0.05,0.0,1.205,1,1.946,0.045,2.679,0.582
0,5200,-1251.147,-0.02,0.115,-0.009,0.0,0.0,0.0,-0.05,0.0,1.213,1,1.951,0.037,-1.0,0.502
0,5300,-1251.156,-0.032,0.116,-0.0,0.0,0.0,0.0,-0.05,0.0,1.217,1,1.953,0.033,-1.0,0.3
0,5400,-1250.026,0.0,0.118,0.019,0.0,0.0,0.0,-0.05,0.0,1.226,1,1.957,0.024,-1.0,0.55
0,5500,-1247.474,0.008,0.119,0.035,0.0,0.0,0.0,-0.05,0.0,1.233,1,1.962,0.017,-1.0,0.55
0,5600,-1243.497,0.023,0.12,0.039,0.0,0.0,0.0,-0.05,0.0,1.235,1,1.962,0.015,-1.0,0.35
0,5700,-1236.597,0.002,0.121,0.063,0.0,0.0,0.0,-0.05,0.0,1.246,1,1.974,0.004,0.592,0.35
0,5800,-1229.216,0.0,0.122,0.071,0.0,0.0,0.0,-0.05,0.0,1.248,1,1.98,0.0,0.883,0.35
0,5900,-1221.868,0.0,0.125,0.044,0.0,0.0,0.0,-0.05,0.0,1.235,1,1.997,-0.016,-0.333,0.75
0,6000,-1216.178,-0.01,0.129,0.008,0.0,0.0,0.0,-0.05,0.0,1.214,1,2.025,-0.036,2.537,0.45
0,6100,-1213.762,0.182,0.134,-0.04,-0.016,0.0,0.0,-0.05,0.0,1.197,1,2.055,-0.054,-1.0,0.65
0,6200,-1228.914,0.019,0.12,0.015,0.0,0.0,0.0,-0.05,0.0,1.223,1,1.932,0.028,3.0,0.612
0,6300,-1223.116,0.014,0.124,0.055,0.0,0.0,0.0,-0.05,0.0,1.239,1,1.953,0.01,3.0,0.75
0,6400,-1213.476,0.062,0.132,0.051,0.0,0.0,0.0,-0.05,0.0,1.235,1,1.985,-0.016,3.0,0.55
0,6500,-1204.836,0.068,0.144,0.012,0.0,0.0,0.0,-0.05,0.0,1.209,1,2.045,-0.041,3.0,0.75
0,6600,-1199.009,0.029,0.155,0.004,-0.0,0.0,0.0,-0.05,0.0,1.2,1,2.096,-0.05,3.0,0.55
0,6700,-1184.913,0.28,0.148,0.022,0.0,0.0,0.0,-0.05,0.0,1.211,1,2.231,-0.038,3.0,0.1
0,6800,-1169.099,0.141,0.139,0.073,0.0,0.0,0.0,-0.05,0.0,1.241,1,2.342,-0.008,1.735,0.472
0,6900,-1158.803,-0.011,0.132,0.076,0.0,0.0,0.0,-0.05,0.0,1.247,1,2.371,0.003,2.792,0.572
0,7000,-1149.709,0.026,0.133,0.038,0.0,0.0,0.0,-0.05,0.0,1.227,1,2.405,0.023,-1.0,0.019
0,7100,-1145.661,0.07,0.132,0.019,0.0,0.0,0.0,-0.05,0.0,1.22,1,2.418,0.031,3.0,0.75
0,7200,-1143.216,0.006,0.127,-0.021,0.0,0.0,0.0,-0.05,0.0,1.202,1,2.447,0.049,0.732,0.75
0,7300,-1146.142,0.015,0.126,-0.043,-0.014,0.0,0.0,-0.05,0.0,1.197,1,2.452,0.053,-1.0,0.15
0,7400,-1151.187,0.001,0.126,-0.061,-0.027,0.0,0.0,-0.05,0.0,1.195,1,2.454,0.055,-1.0,-0.179
0,7500,-1159.166,0.051,0.127,-0.154,-0.093,0.0,0.0,-0.05,0.0,1.181,1,2.473,0.069,-1.0,0.221
0,7600,-1175.033,-0.017,0.125,-0.19,-0.117,0.0,0.0,-0.05,0.0,1.177,1,2.482,0.074,3.0,0.65
0,7700,-1195.438,-0.001,0.124,-0.242,-0.154,0.0,0.0,-0.05,0.0,1.169,1,2.493,0.081,3.0,-0.254
0,7800,-1220.573,0.007,0.124,-0.266,-0.171,0.0,0.0,-0.05,0.0,1.166,1,2.497,0.084,-1.0,-0.65
0,7900,-1249.492,0.023,0.126,-0.327,-0.216,0.0,0.0,-0.05,0.0,1.157,1,2.508,0.094,-1.0,-0.75
0,8000,-1282.549,0.021,0.128,-0.368,-0.247,0.0,0.0,-0.05,0.0,1.151,1,2.517,0.1,-1.0,-0.415
1,100,17.825,0.066,0.151,0.099,0.0,0.0,0.0,-0.05,0.0,1.25,0,0.075,-0.001,2.749,0.7
1,200,16.213,0.009,0.034,-3.369,-2.324,0.0,0.0,-0.05,0.0,0.735,0,0.298,0.514,-0.421,0.45
1,300,-313.333,0.039,0.035,-3.288,-2.266,0.0,0.0,-0.05,0.0,0.747,0,0.307,0.503,2.306,-0.65
1,400,-636.3,0.0,0.032,-3.196,-2.198,0.0,0.0,-0.05,0.0,0.76,0,0.315,0.49,-1.0,-0.7
1,500,-953.856,0.008,0.031,-3.148,-2.163,0.0,0.0,-0.05,0.0,0.767,0,0.319,0.483,-1.0,-0.52
1,600,-1263.975,0.083,0.029,-3.075,-2.115,0.0,0.0,-0.05,0.0,0.777,0,0.33,0.47,-1.0,-0.1
1,700,-1566.958,0.0,0.029,-3.033,-2.081,0.0,0.0,-0.05,0.0,0.784,0,0.335,0.466,-1.0,0.0
1,800,-1865.103,0.0,0.028,-2.964,-2.03,0.0,0.0,-0.05,0.0,0.794,0,0.344,0.456,-1.0,-0.429
1,900,-2157.064,0.006,0.027,-2.888,-1.975,0.0,0.0,-0.05,0.0,0.805,0,0.356,0.445,-1.0,-0.629
1,1000,-2446.556,0.029,0.027,-2.886,-1.974,0.0,0.0,-0.05,0.0,0.805,0,0.356,0.444,-1.0,-0.7
1,1100,-2731.285,0.007,0.026,-2.824,-1.928,0.0,0.0,-0.05,0.0,0.814,0,0.366,0.436,-1.0,-0.35
1,1200,-3011.92,0.028,0.025,-2.8,-1.912,0.0,0.0,-0.05,0.0,0.818,0,0.369,0.432,-1.0,-0.65
1,1300,-3287.334,0.022,0.023,-2.744,-1.869,0.0,0.0,-0.05,0.0,0.826,0,0.378,0.424,-1.0,-0.6
1,1400,-3556.148,0.023,0.02,-2.674,-1.817,0.0,0.0,-0.05,0.0,0.837,0,0.392,0.414,-1.0,-0.578
1,1500,-3817.851,0.006,0.018,-2.609,-1.77,0.0,0.0,-0.05,0.0,0.846,0,0.407,0.404,-1.0,-0.2
1,1600,-4077.154,0.002,0.018,-2.592,-1.757,0.0,0.0,-0.05,0.0,0.849,0,0.41,0.401,-1.0,0.2
1,1700,-4330.426,0.03,0.016,-2.519,-1.703,0.0,0.0,-0.05,0.0,0.859,0,0.429,0.391,-1.0,-0.5
1,1800,-4576.551,-0.035,0.014,-2.457,-1.657,0.0,0.0,-0.05,0.0,0.869,0,0.445,0.382,-1.0,-0.324
1,1900,-4816.727,-0.011,0.012,-2.399,-1.616,0.0,0.0,-0.05,0.0,0.877,0,0.462,0.373,-1.0,-0.467
1,2000,-5051.638,0.039,0.01,-2.336,-1.569,0.0,0.0,-0.05,0.0,0.886,0,0.477,0.363,-1.0,-0.53
1,2100,-5281.207,0.005,0.008,-2.308,-1.547,0.0,0.0,-0.05,0.0,0.891,0,0.489,0.359,-1.0,-0.23
1,2200,-5508.351,0.026,0.006,-2.26,-1.512,0.0,0.0,-0.05,0.0,0.898,0,0.503,0.352,-1.0,-0.55
1,2300,-5699.137,-0.008,0.015,-2.117,-1.416,0.0,0.0,-0.05,0.0,0.917,0,0.767,0.333,3.0,-0.45
1,2400,-5910.561,0.0,0.015,-2.114,-1.414,0.0,0.0,-0.05,0.0,0.917,0,0.764,0.333,-1.0,-0.15
1,2500,-6122.59,0.0,0.015,-2.098,-1.402,0.0,0.0,-0.05,0.0,0.92,0,0.753,0.331,3.0,-0.05
1,2600,-6332.503,0.001,0.015,-2.098,-1.402,0.0,0.0,-0.05,0.0,0.92,0,0.75,0.331,-1.0,-0.577
1,2700,-6542.971,0.0,0.014,-2.103,-1.406,0.0,0.0,-0.05,0.0,0.919,0,0.747,0.331,-1.0,-0.45
1,2800,-6754.225,0.018,0.012,-2.093,-1.397,0.0,0.0,-0.05,0.0,0.921,0,0.73,0.329,-1.0,-0.75
1,2900,-6962.957,0.003,0.012,-2.103,-1.404,0.0,0.0,-0.05,0.0,0.919,0,0.741,0.331,-1.0,0.05
1,3000,-7174.194,0.051,0.011,-2.097,-1.399,0.0,0.0,-0.05,0.0,0.92,0,0.728,0.33,-1.0,-0.311
1,3100,-7385.647,-0.08,0.01,-2.091,-1.394,0.0,0.0,-0.05,0.0,0.921,0,0.707,0.329,3.0,-0.111
1,3200,-7594.353,0.01,0.01,-2.094,-1.395,0.0,0.0,-0.05,0.0,0.921,0,0.714,0.329,3.0,-0.211
1,3300,-7804.821,-0.051,0.008,-2.089,-1.39,0.0,0.0,-0.05,0.0,0.922,0,0.702,0.328,-0.772,-0.55
1,3400,-8012.358,0.0,0.009,-2.078,-1.383,0.0,0.0,-0.05,0.0,0.923,0,0.709,0.327,-1.0,-0.45
1,3500,-8218.066,0.0,0.01,-2.079,-1.385,0.0,0.0,-0.05,0.0,0.923,0,0.73,0.327,-1.0,-0.273
1,3600,-8424.546,0.023,0.011,-2.065,-1.376,0.0,0.0,-0.05,0.0,0.925,0,0.737,0.325,-1.0,-0.6
1,3700,-8631.863,-0.064,0.01,-2.054,-1.367,0.0,0.0,-0.05,0.0,0.927,0,0.725,0.323,-1.0,-0.25
1,3800,-8838.565,-0.12,0.01,-2.047,-1.362,0.0,0.0,-0.05,0.0,0.928,0,0.708,0.322,3.0,-0.06
1,3900,-9042.435,0.015,0.01,-2.033,-1.352,0.0,0.0,-0.05,0.0,0.93,0,0.71,0.32,1.048,-0.55
1,4000,-9246.255,0.035,0.009,-2.027,-1.347,0.0,0.0,-0.05,0.0,0.931,0,0.702,0.319,-1.0,-0.05
1,4100,-9449.729,0.021,0.009,-2.033,-1.352,0.0,0.0,-0.05,0.0,0.93,0,0.694,0.32,0.794,0.75
1,4200,-9654.029,0.018,0.009,-2.049,-1.363,0.0,0.0,-0.05,0.0,0.927,0,0.697,0.323,-1.0,-0.2
1,4300,-9850.395,0.0,0.03,-2.136,-1.441,0.0,0.0,-0.05,0.0,0.912,0,0.795,0.338,3.0,-0.75
1,4400,-10062.792,-0.004,0.026,-2.065,-1.386,0.0,0.0,-0.05,0.0,0.923,0,0.776,0.327,0.585,-0.6
1,4500,-10269.042,0.005,0.024,-2.026,-1.357,0.0,0.0,-0.05,0.0,0.929,0,0.765,0.321,1.475,-0.431
1,4600,-10471.376,0.0,0.022,-2.002,-1.339,0.0,0.0,-0.05,0.0,0.932,0,0.752,0.317,3.0,-0.45
1,4700,-10671.456,0.0,0.018,-1.968,-1.312,0.0,0.0,-0.05,0.0,0.938,0,0.731,0.312,3.0,-0.538
1,4800,-10869.008,0.012,0.017,-1.964,-1.308,0.0,0.0,-0.05,0.0,0.938,0,0.722,0.312,2.273,-0.55
1,4900,-11068.312,-0.004,0.013,-1.928,-1.28,0.0,0.0,-0.05,0.0,0.944,0,0.679,0.306,0.823,-0.275
1,5000,-11261.945,-0.006,0.012,-1.924,-1.276,0.0,0.0,-0.05,0.0,0.945,0,0.669,0.305,-1.0,-0.45
1,5100,-11455.885,0.055,0.009,-1.916,-1.268,0.0,0.0,-0.05,0.0,0.946,0,0.648,0.304,-1.0,-0.45
1,5200,-11647.09,0.156,0.009,-1.913,-1.266,0.0,0.0,-0.05,0.0,0.947,0,0.651,0.303,-1.0,-0.256
1,5300,-11839.101,-0.002,0.007,-1.902,-1.257,0.0,0.0,-0.05,0.0,0.949,0,0.64,0.301,-1.0,-0.7
1,5400,-12030.04,-0.011,0.006,-1.897,-1.252,0.0,0.0,-0.05,0.0,0.95,0,0.63,0.3,-1.0,-0.45
1,5500,-12221.301,-0.109,0.006,-1.892,-1.248,0.0,0.0,-0.05,0.0,0.95,0,0.609,0.3,-1.0,0.243
1,5600,-12413.026,-0.266,0.006,-1.891,-1.248,0.0,0.0,-0.05,0.0,0.95,0,0.584,0.3,2.082,-0.073
1,5700,-12604.052,0.0,0.006,-1.892,-1.249,0.0,0.0,-0.05,0.0,0.95,0,0.565,0.3,-1.0,0.502
1,5800,-12795.996,0.123,0.006,-1.901,-1.255,0.0,0.0,-0.05,0.0,0.949,0,0.543,0.301,-1.0,-0.053
1,5900,-12988.294,-0.103,0.008,-1.901,-1.256,0.0,0.0,-0.05,0.0,0.949,0,0.522,0.301,-0.645,0.043
1,6000,-13179.524,0.058,0.008,-1.896,-1.253,0.0,0.0,-0.05,0.0,0.949,0,0.508,0.301,-1.0,-0.35
1,6100,-13370.395,-0.034,0.007,-1.889,-1.247,0.0,0.0,-0.05,0.0,0.951,0,0.492,0.3,-0.807,0.005
1,6200,-13559.777,0.005,0.007,-1.884,-1.244,0.0,0.0,-0.05,0.0,0.951,0,0.485,0.299,-1.0,0.105
1,6300,-13748.949,0.047,0.005,-1.885,-1.243,0.0,0.0,-0.05,0.0,0.951,0,0.476,0.299,2.059,-0.35
1,6400,-13916.425,-0.005,0.018,-2.119,-1.42,0.0,0.0,-0.05,0.0,0.916,0,0.844,0.334,0.695,0.007
1,6500,-14128.135,-0.012,0.018,-2.111,-1.413,0.0,0.0,-0.05,0.0,0.917,0,0.832,0.333,-1.0,-0.6
1,6600,-14339.485,0.0,0.017,-2.107,-1.409,0.0,0.0,-0.05,0.0,0.918,0,0.827,0.332,2.137,-0.5
1,6700,-14553.377,-0.173,0.011,-2.075,-1.383,0.0,0.0,-0.05,0.0,0.923,0,0.778,0.327,-1.0,-0.15
1,6800,-14761.341,0.1,0.012,-2.074,-1.382,0.0,0.0,-0.05,0.0,0.924,0,0.771,0.327,3.0,0.464
1,6900,-14970.187,0.0,0.013,-2.067,-1.378,0.0,0.0,-0.05,0.0,0.924,0,0.752,0.326,-1.0,0.042
1,7000,-15177.153,0.0,0.013,-2.06,-1.373,0.0,0.0,-0.05,0.0,0.925,0,0.745,0.325,3.0,-0.469
1,7100,-15384.309,0.01,0.011,-2.062,-1.374,0.0,0.0,-0.05,0.0,0.925,0,0.735,0.325,2.793,-0.592
1,7200,-15590.608,-0.027,0.009,-2.045,-1.36,0.0,0.0,-0.05,0.0,0.928,0,0.725,0.322,-1.0,-0.641
1,7300,-15796.099,-0.019,0.007,-2.039,-1.354,0.0,0.0,-0.05,0.0,0.929,0,0.71,0.321,3.0,-0.28
1,7400,-16001.903,-0.048,0.006,-2.038,-1.353,0.0,0.0,-0.05,0.0,0.929,0,0.69,0.321,-1.0,0.42
1,7500,-16206.887,-0.01,0.006,-2.049,-1.36,0.0,0.0,-0.05,0.0,0.928,0,0.684,0.322,-1.0,0.05
1,7600,-16412.557,0.029,0.006,-2.049,-1.361,0.0,0.0,-0.05,0.0,0.928,0,0.677,0.322,3.0,-0.546
1,7700,-16617.087,0.03,0.006,-2.041,-1.355,0.0,0.0,-0.05,0.0,0.929,0,0.676,0.321,-1.0,-0.548
1,7800,-16821.622,-0.177,0.005,-2.035,-1.35,0.0,0.0,-0.05,0.0,0.93,0,0.665,0.32,-1.0,-0.263
1,7900,-17027.542,0.01,0.005,-2.042,-1.355,0.0,0.0,-0.05,0.0,0.929,0,0.645,0.321,-0.773,0.137
1,8000,-17232.738,0.0,0.005,-2.042,-1.355,0.0,0.0,-0.05,0.0,0.929,0,0.635,0.321,-1.0,0.037
3,100,31.412,0.297,0.153,0.088,0.0,0.0,0.0,-0.05,0.0,1.243,0,0.212,-0.008,-0.464,-0.039
3,200,51.543,0.153,0.15,0.067,0.0,0.0,0.0,-0.05,0.0,1.234,0,0.334,-0.016,3.0,0.4
3,300,63.483,0.0,0.139,0.076,0.0,0.0,0.0,-0.05,0.0,1.243,0,0.384,-0.007,3.0,0.698
3,400,-78.001,0.017,0.056,-6.908,-3.114,-2.455,0.0,-0.05,0.0,0.577,0,0.791,0.673,-1.0,-0.264
3,500,-711.307,0.012,0.053,-6.05,-2.954,-1.818,0.0,-0.05,0.0,0.609,0,0.796,0.64,-1.0,-0.7
3,600,-1289.957,0.02,0.05,-5.447,-2.843,-1.37,0.0,-0.05,0.0,0.631,0,0.802,0.617,-0.107,-0.4
3,700,-1797.101,0.009,0.047,-4.835,-2.728,-0.913,0.0,-0.05,0.0,0.654,0,0.809,0.596,-1.0,-0.7
3,800,-2263.235,0.023,0.044,-4.478,-2.662,-0.647,0.0,-0.05,0.0,0.668,0,0.814,0.582,-1.0,-0.6
3,900,-2671.531,0.078,0.043,-3.734,-2.524,-0.095,0.0,-0.05,0.0,0.695,0,0.828,0.554,-1.0,-0.3
3,1000,-3023.933,0.022,0.039,-3.453,-2.389,0.0,0.0,-0.05,0.0,0.722,0,0.843,0.527,-1.0,-0.3
3,1100,-3361.766,-0.041,0.037,-3.34,-2.305,0.0,0.0,-0.05,0.0,0.739,0,0.852,0.511,-1.0,-0.6
3,1200,-3692.39,0.0,0.035,-3.29,-2.268,0.0,0.0,-0.05,0.0,0.746,0,0.857,0.504,-1.0,-0.7
3,1300,-4014.321,0.018,0.032,-3.178,-2.186,0.0,0.0,-0.05,0.0,0.763,0,0.869,0.487,-1.0,-0.65
3,1400,-4326.649,0.0,0.03,-3.113,-2.138,0.0,0.0,-0.05,0.0,0.772,0,0.876,0.478,-1.0,-0.25
3,1500,-4633.113,0.002,0.029,-3.061,-2.1,0.0,0.0,-0.05,0.0,0.78,0,0.882,0.47,-1.0,-0.351
3,1600,-4938.945,0.0,0.029,-3.054,-2.096,0.0,0.0,-0.05,0.0,0.781,0,0.883,0.469,-1.0,-0.451
3,1700,-5230.085,0.067,0.027,-2.838,-1.941,0.0,0.0,-0.05,0.0,0.812,0,0.915,0.437,-1.0,-0.251
3,1800,-5505.387,0.003,0.025,-2.751,-1.876,0.0,0.0,-0.05,0.0,0.825,0,0.927,0.425,-1.0,-0.128
3,1900,-5779.899,0.001,0.026,-2.739,-1.868,0.0,0.0,-0.05,0.0,0.826,0,0.929,0.424,-1.0,0.672
3,2000,-6049.479,0.032,0.028,-2.679,-1.826,0.0,0.0,-0.05,0.0,0.835,0,0.94,0.415,2.885,-0.25
3,2100,-6318.719,0.0,0.028,-2.696,-1.839,0.0,0.0,-0.05,0.0,0.832,0,0.937,0.418,3.0,-0.55
3,2200,-6579.609,0.003,0.028,-2.554,-1.737,0.0,0.0,-0.05,0.0,0.853,0,0.958,0.397,-1.0,0.126
3,2300,-6829.369,0.002,0.029,-2.474,-1.68,0.0,0.0,-0.05,0.0,0.864,0,0.969,0.386,-1.0,-0.074
3,2400,-7069.616,-0.001,0.028,-2.388,-1.619,0.0,0.0,-0.05,0.0,0.876,0,0.981,0.374,0.92,-0.6
3,2500,-7231.712,0.0,0.007,-1.642,-1.069,0.0,0.0,-0.05,0.0,0.986,0,1.155,0.265,3.0,0.15
3,2600,-7399.795,0.012,0.005,-1.674,-1.093,0.0,0.0,-0.05,0.0,0.981,0,1.14,0.269,0.76,-0.107
3,2700,-7570.394,0.078,0.006,-1.711,-1.119,0.0,0.0,-0.05,0.0,0.976,0,1.122,0.274,-1.0,-0.107
3,2800,-7743.832,0.001,0.006,-1.732,-1.135,0.0,0.0,-0.05,0.0,0.973,0,1.11,0.277,2.07,0.052
3,2900,-7918.0,0.001,0.006,-1.743,-1.142,0.0,0.0,-0.05,0.0,0.972,0,1.106,0.278,3.0,0.25
3,3000,-8097.203,0.0,0.004,-1.785,-1.171,0.0,0.0,-0.05,0.0,0.966,0,1.082,0.284,-1.0,-0.191
3,3100,-8278.871,-0.01,0.005,-1.817,-1.194,0.0,0.0,-0.05,0.0,0.961,0,1.061,0.289,-1.0,0.207
3,3200,-8462.918,0.0,0.004,-1.829,-1.202,0.0,0.0,-0.05,0.0,0.96,0,1.057,0.29,3.0,-0.093
3,3300,-8648.135,0.01,0.005,-1.852,-1.219,0.0,0.0,-0.05,0.0,0.956,0,1.038,0.294,-1.0,-0.115
3,3400,-8837.818,-0.011,0.005,-1.885,-1.243,0.0,0.0,-0.05,0.0,0.951,0,1.016,0.299,-1.0,-0.5
3,3500,-9025.461,-0.047,0.005,-1.874,-1.235,0.0,0.0,-0.05,0.0,0.953,0,1.015,0.297,-1.0,-0.284
3,3600,-9210.498,-0.224,0.004,-1.856,-1.221,0.0,0.0,-0.05,0.0,0.956,0,1.02,0.294,-1.0,-0.154
3,3700,-9399.743,-0.079,0.002,-1.884,-1.24,0.0,0.0,-0.05,0.0,0.952,0,1.002,0.299,-1.0,0.446
3,3800,-9589.576,-0.033,0.001,-1.897,-1.249,0.0,0.0,-0.05,0.0,0.95,0,0.993,0.3,-1.0,0.35
3,3900,-9785.602,-0.005,0.002,-1.933,-1.275,0.0,0.0,-0.05,0.0,0.945,0,0.956,0.305,-1.0,0.445
3,4000,-9980.46,-0.167,0.002,-1.942,-1.282,0.0,0.0,-0.05,0.0,0.944,0,0.946,0.307,-1.0,-0.02
3,4100,-10177.165,-0.063,0.003,-1.955,-1.292,0.0,0.0,-0.05,0.0,0.942,0,0.928,0.308,-0.118,0.28
3,4200,-10372.763,-0.014,0.003,-1.96,-1.295,0.0,0.0,-0.05,0.0,0.941,0,0.93,0.309,3.0,0.112
3,4300,-10573.387,-0.071,0.003,-1.983,-1.311,0.0,0.0,-0.05,0.0,0.938,0,0.893,0.312,-1.0,0.312
3,4400,-10773.688,0.054,0.005,-1.991,-1.319,0.0,0.0,-0.05,0.0,0.936,0,0.876,0.314,3.0,0.212
3,4500,-10990.524,-0.026,0.047,-0.056,0.0,0.0,0.0,-0.05,0.0,1.224,0,0.117,-0.026,-1.0,0.512
3,4600,-10994.104,0.049,0.047,-0.033,0.0,0.0,0.0,-0.05,0.0,1.234,0,0.126,-0.015,-1.0,-0.285
3,4700,-10994.063,-0.022,0.048,-0.006,0.0,0.0,0.0,-0.05,0.0,1.247,0,0.138,0.002,-1.0,-0.506
3,4800,-10994.79,0.0,0.049,-0.014,0.0,0.0,0.0,-0.05,0.0,1.243,0,0.142,0.007,-1.0,-0.45
3,4900,-10996.427,-0.019,0.05,-0.018,0.0,0.0,0.0,-0.05,0.0,1.241,0,0.145,0.009,-1.0,-0.75
3,5000,-10998.459,0.022,0.05,-0.024,0.0,0.0,0.0,-0.05,0.0,1.238,0,0.148,0.012,-0.843,-0.5
3,5100,-11001.022,0.0,0.051,-0.023,0.0,0.0,0.0,-0.05,0.0,1.239,0,0.149,0.012,-1.0,-0.75
3,5200,-11003.209,-0.016,0.052,-0.033,0.0,0.0,0.0,-0.05,0.0,1.232,0,0.156,0.018,-1.0,-0.35
3,5300,-11007.75,0.027,0.055,-0.064,0.0,0.0,0.0,-0.05,0.0,1.216,0,0.167,0.035,-1.0,-0.75
3,5400,-11014.463,0.021,0.056,-0.088,0.0,0.0,0.0,-0.05,0.0,1.203,0,0.173,0.047,3.0,-0.452
3,5500,-11023.294,0.016,0.057,-0.093,0.0,0.0,0.0,-0.05,0.0,1.201,0,0.177,0.05,-1.0,-0.55
3,5600,-11034.081,0.026,0.058,-0.139,-0.032,0.0,0.0,-0.05,0.0,1.194,0,0.185,0.057,2.873,-0.5
3,5700,-11049.899,-0.017,0.06,-0.184,-0.067,0.0,0.0,-0.05,0.0,1.187,0,0.192,0.063,-1.0,-0.55
3,5800,-11070.413,0.011,0.061,-0.249,-0.113,0.0,0.0,-0.05,0.0,1.177,0,0.199,0.074,-1.0,-0.7
3,5900,-11097.916,0.014,0.063,-0.309,-0.157,0.0,0.0,-0.05,0.0,1.169,0,0.206,0.082,-0.625,-0.473
3,6000,-11133.806,0.003,0.067,-0.448,-0.259,0.0,0.0,-0.05,0.0,1.148,0,0.214,0.103,-1.0,-0.5
3,6100,-11182.898,0.006,0.069,-0.533,-0.322,0.0,0.0,-0.05,0.0,1.136,0,0.218,0.115,3.0,-0.75
3,6200,-11242.41,0.005,0.073,-0.663,-0.418,0.0,0.0,-0.05,0.0,1.116,0,0.224,0.134,-1.0,-0.5
3,6300,-11313.264,0.004,0.075,-0.746,-0.479,0.0,0.0,-0.05,0.0,1.104,0,0.227,0.146,-1.0,-0.7
3,6400,-11394.875,0.001,0.079,-0.9,-0.592,0.0,0.0,-0.05,0.0,1.082,0,0.232,0.168,2.708,-0.23
3,6500,-11484.558,0.004,0.079,-0.92,-0.606,0.0,0.0,-0.05,0.0,1.079,0,0.234,0.172,0.078,-0.75
3,6600,-11619.993,-0.003,0.099,-1.428,-0.984,0.0,0.0,-0.05,0.0,1.003,0,0.228,0.247,-1.0,0.1
3,6700,-11756.905,-0.008,0.098,-1.306,-0.895,0.0,0.0,-0.05,0.0,1.021,0,0.234,0.229,-1.0,0.514
3,6800,-11894.213,-0.034,0.097,-1.4,-0.959,0.0,0.0,-0.05,0.0,1.008,0,0.229,0.244,-1.0,0.214
3,6900,-12041.089,-0.004,0.099,-1.504,-1.038,0.0,0.0,-0.05,0.0,0.992,0,0.224,0.257,3.0,-0.586
3,7000,-12189.824,-0.02,0.099,-1.469,-1.011,0.0,0.0,-0.05,0.0,0.998,0,0.225,0.253,-1.0,-0.586
3,7100,-12338.784,-0.014,0.1,-1.499,-1.036,0.0,0.0,-0.05,0.0,0.993,0,0.225,0.257,3.0,-0.25
3,7200,-12486.938,-0.006,0.1,-1.495,-1.035,0.0,0.0,-0.05,0.0,0.993,0,0.225,0.255,-1.0,-0.1
3,7300,-12631.173,-0.001,0.1,-1.42,-0.979,0.0,0.0,-0.05,0.0,1.004,0,0.228,0.246,-0.114,0.3
3,7400,-12774.579,-0.007,0.099,-1.402,-0.965,0.0,0.0,-0.05,0.0,1.007,0,0.229,0.243,-1.0,0.1
3,7500,-12920.506,-0.005,0.099,-1.445,-0.995,0.0,0.0,-0.05,0.0,1.001,0,0.227,0.249,-1.0,-0.3
3,7600,-13061.036,-0.014,0.099,-1.376,-0.944,0.0,0.0,-0.05,0.0,1.011,0,0.229,0.24,3.0,-0.59
3,7700,-13203.515,-0.003,0.101,-1.421,-0.98,0.0,0.0,-0.05,0.0,1.004,0,0.226,0.246,-1.0,-0.29
3,7800,-13338.388,0.0,0.098,-1.299,-0.89,0.0,0.0,-0.05,0.0,1.022,0,0.232,0.228,-1.0,-0.6
3,7900,-13466.101,0.011,0.097,-1.223,-0.836,0.0,0.0,-0.05,0.0,1.033,0,0.235,0.217,-1.0,-0.35
3,8000,-13588.067,-0.005,0.098,-1.277,-0.875,0.0,0.0,-0.05,0.0,1.025,0,0.232,0.225,-1.0,-0.35
4,100,-228.199,-0.004,0.091,-0.222,-0.118,0.0,0.0,-0.05,0.0,1.176,0,0.773,-0.073,-1.0,-0.522
4,200,-257.324,-0.002,0.09,-0.318,-0.184,0.0,0.0,-0.05,0.0,1.163,0,0.769,-0.087,-1.0,-0.15
4,300,-297.198,-0.0,0.088,-0.448,-0.276,0.0,0.0,-0.05,0.0,1.145,0,0.763,-0.105,-1.0,-0.75
4,400,-346.398,-0.005,0.086,-0.539,-0.339,0.0,0.0,-0.05,0.0,1.132,0,0.759,-0.118,-1.0,-0.5
4,500,-409.31,0.011,0.084,-0.626,-0.402,0.0,0.0,-0.05,0.0,1.12,0,0.757,-0.129,-1.0,-0.1
4,600,-515.534,0.0,0.065,-1.99,-1.361,0.0,0.0,-0.05,0.0,0.928,0,0.786,-0.322,-1.0,-0.25
4,700,-726.082,-0.022,0.063,-2.164,-1.484,0.0,0.0,-0.05,0.0,0.903,0,0.797,-0.347,-1.0,-0.18
4,800,-945.196,0.0,0.061,-2.226,-1.526,0.0,0.0,-0.05,0.0,0.895,0,0.801,-0.355,-1.0,-0.1
4,900,-1171.04,-0.019,0.06,-2.3,-1.579,0.0,0.0,-0.05,0.0,0.884,0,0.806,-0.365,-1.0,-0.65
4,1000,-1405.518,0.0,0.057,-2.384,-1.636,0.0,0.0,-0.05,0.0,0.873,0,0.813,-0.378,-1.0,-0.7
4,1100,-1646.277,0.0,0.057,-2.461,-1.691,0.0,0.0,-0.05,0.0,0.862,0,0.82,-0.388,-1.0,-0.232
4,1200,-1895.9,0.014,0.055,-2.556,-1.756,0.0,0.0,-0.05,0.0,0.849,0,0.829,-0.402,-1.0,-0.532
4,1300,-2155.404,0.0,0.054,-2.637,-1.815,0.0,0.0,-0.05,0.0,0.837,0,0.837,-0.413,-1.0,-0.21
4,1400,-2423.738,0.0,0.053,-2.71,-1.866,0.0,0.0,-0.05,0.0,0.827,0,0.844,-0.423,-1.0,-0.3
4,1500,-2695.807,0.001,0.052,-2.759,-1.901,0.0,0.0,-0.05,0.0,0.82,0,0.85,-0.43,-1.0,-0.3
4,1600,-2973.636,0.002,0.052,-2.817,-1.942,0.0,0.0,-0.05,0.0,0.812,0,0.858,-0.439,-1.0,-0.23
4,1700,-3257.938,0.003,0.051,-2.873,-1.981,0.0,0.0,-0.05,0.0,0.804,0,0.863,-0.446,-1.0,-0.43
4,1800,-3546.529,0.0,0.05,-2.903,-2.002,0.0,0.0,-0.05,0.0,0.8,0,0.866,-0.45,0.537,-0.561
4,1900,-3843.733,0.001,0.051,-3.04,-2.101,0.0,0.0,-0.05,0.0,0.78,0,0.885,-0.47,-1.0,-0.061
4,2000,-4151.746,0.0,0.051,-3.113,-2.152,0.0,0.0,-0.05,0.0,0.77,0,0.895,-0.481,-1.0,-0.361
4,2100,-4466.633,0.0,0.05,-3.198,-2.212,0.0,0.0,-0.05,0.0,0.758,0,0.906,-0.493,-1.0,-0.35
4,2200,-4787.468,0.0,0.05,-3.185,-2.204,0.0,0.0,-0.05,0.0,0.759,0,0.904,-0.491,-1.0,-0.205
4,2300,-5104.687,0.009,0.05,-3.167,-2.19,0.0,0.0,-0.05,0.0,0.762,0,0.901,-0.488,-1.0,-0.059
4,2400,-5422.345,0.0,0.051,-3.157,-2.184,0.0,0.0,-0.05,0.0,0.763,0,0.9,-0.487,-1.0,-0.059
4,2500,-5737.869,0.0,0.05,-3.163,-2.188,0.0,0.0,-0.05,0.0,0.762,0,0.899,-0.488,-1.0,-0.35
4,2600,-6057.481,0.015,0.05,-3.221,-2.229,0.0,0.0,-0.05,0.0,0.754,0,0.907,-0.496,-1.0,0.0
4,2700,-6468.612,0.003,0.054,-4.504,-2.668,-0.673,0.0,-0.05,0.0,0.666,0,0.996,-0.584,-1.0,-0.215
4,2800,-6924.254,-0.004,0.055,-4.79,-2.721,-0.884,0.0,-0.05,0.0,0.656,0,1.007,-0.595,-1.0,0.182
4,2900,-7408.736,0.0,0.056,-4.953,-2.751,-1.005,0.0,-0.05,0.0,0.65,0,1.012,-0.601,-1.0,-0.118
4,3000,-7916.033,0.0,0.055,-5.11,-2.78,-1.122,0.0,-0.05,0.0,0.644,0,1.017,-0.606,-1.0,-0.318
4,3100,-8427.425,0.001,0.055,-5.123,-2.783,-1.132,0.0,-0.05,0.0,0.643,0,1.017,-0.607,2.815,-0.418
4,3200,-8945.483,-0.001,0.055,-5.236,-2.804,-1.216,0.0,-0.05,0.0,0.639,0,1.02,-0.611,-0.141,0.0
4,3300,-9477.304,0.015,0.054,-5.394,-2.833,-1.332,0.0,-0.05,0.0,0.633,0,1.026,-0.617,-1.0,-0.6
4,3400,-10026.71,0.003,0.054,-5.557,-2.863,-1.452,0.0,-0.05,0.0,0.627,0,1.032,-0.623,-1.0,-0.212
4,3500,-10594.838,0.036,0.053,-5.803,-2.908,-1.631,0.0,-0.05,0.0,0.618,0,1.042,-0.633,-1.0,-0.267
4,3600,-11199.054,0.004,0.052,-6.121,-2.967,-1.869,0.0,-0.05,0.0,0.607,0,1.051,-0.643,-1.0,-0.367
4,3700,-11826.882,0.015,0.052,-6.488,-3.035,-2.14,0.0,-0.05,0.0,0.593,0,1.068,-0.657,-1.0,0.65
4,3800,-12485.171,0.001,0.053,-6.799,-3.093,-2.372,0.0,-0.05,0.0,0.581,0,1.083,-0.669,-1.0,0.116
4,3900,-13164.478,0.0,0.053,-6.826,-3.098,-2.392,0.0,-0.05,0.0,0.58,0,1.084,-0.67,3.0,-0.284
4,4000,-13842.637,0.007,0.053,-6.801,-3.093,-2.373,0.0,-0.05,0.0,0.581,0,1.083,-0.669,-1.0,0.028
4,4100,-14531.342,0.048,0.053,-7.114,-3.151,-2.605,0.0,-0.05,0.0,0.57,0,1.096,-0.681,-1.0,-0.072
4,4200,-15272.831,0.0,0.053,-7.669,-3.254,-3.016,0.0,-0.05,0.0,0.549,0,1.119,-0.701,-1.0,-0.072
4,4300,-16043.678,0.009,0.053,-7.764,-3.272,-3.087,0.0,-0.05,0.0,0.546,0,1.124,-0.704,0.171,0.028
4,4400,-16823.396,0.001,0.053,-7.89,-3.295,-3.18,0.0,-0.05,0.0,0.541,0,1.129,-0.709,-1.0,0.028
4,4500,-17616.295,0.005,0.053,-7.957,-3.307,-3.23,0.0,-0.05,0.0,0.539,0,1.132,-0.712,-1.0,-0.212
4,4600,-18412.591,0.002,0.053,-7.996,-3.315,-3.259,0.0,-0.05,0.0,0.537,0,1.133,-0.713,1.003,-0.512
4,4700,-19513.788,0.003,0.03,-9.697,-3.625,-4.502,0.0,-0.05,0.0,0.475,0,0.463,-0.775,-1.0,0.179
4,4800,-20836.168,0.052,0.031,-14.881,-3.607,-4.428,-5.286,-0.05,0.0,0.479,0,0.466,-0.77,1.161,-0.121
4,4900,-22252.646,0.001,0.031,-9.684,-3.623,-4.492,0.0,-0.05,0.0,0.475,0,0.463,-0.775,-1.0,-0.621
4,5000,-23583.426,0.02,0.03,-9.793,-3.643,-4.573,0.0,-0.05,0.0,0.471,0,0.461,-0.779,-1.0,-0.6
4,5100,-25135.718,0.023,0.027,-30.096,-3.699,-4.795,-20.0,-0.05,0.0,0.46,0,0.452,-0.79,3.0,-0.75
4,5200,-26459.27,-0.103,0.028,-9.797,-3.681,-4.725,0.0,-0.05,0.0,0.464,0,0.455,-0.787,-1.0,-0.6
4,5300,-27818.903,0.002,0.028,-9.927,-3.668,-4.671,0.0,-0.05,0.0,0.466,0,0.459,-0.784,-1.0,-0.324
4,5400,-29178.855,0.018,0.028,-9.974,-3.676,-4.706,0.0,-0.05,0.0,0.465,0,0.459,-0.785,-1.0,-0.75
4,5500,-30606.269,0.016,0.027,-10.164,-3.711,-4.845,0.0,-0.05,0.0,0.458,0,0.454,-0.792,-1.0,-0.7
4,5600,-32134.208,0.005,0.024,-10.445,-3.763,-5.052,0.0,-0.05,0.0,0.447,0,0.447,-0.803,-1.0,-0.45
4,5700,-33730.996,0.03,0.022,-10.845,-3.836,-5.346,0.0,-0.05,0.0,0.433,0,0.438,-0.817,-1.0,-0.5
4,5800,-35263.864,-0.012,0.021,-10.947,-3.855,-5.421,0.0,-0.05,0.0,0.429,0,0.437,-0.821,0.156,-0.1
4,5900,-36824.753,-0.004,0.02,-30.744,-3.817,-5.27,-20.0,-0.05,0.0,0.437,0,0.446,-0.814,3.0,-0.2
4,6000,-38312.65,-0.013,0.02,-10.718,-3.817,-5.269,0.0,-0.05,0.0,0.437,0,0.447,-0.814,-1.0,-0.65
4,6100,-39729.952,-0.088,0.021,-30.552,-3.782,-5.126,-20.0,-0.05,0.0,0.444,0,0.455,-0.807,3.0,0.45
4,6200,-41199.431,-0.004,0.021,-10.572,-3.787,-5.148,0.0,-0.05,0.0,0.443,0,0.455,-0.807,-0.573,0.15
4,6300,-42761.889,0.059,0.022,-10.801,-3.828,-5.313,0.0,-0.05,0.0,0.434,0,0.445,-0.816,-1.0,-0.45
4,6400,-44132.054,0.003,0.023,-10.762,-3.821,-5.285,0.0,-0.05,0.0,0.436,0,0.448,-0.814,-0.876,-0.744
4,6500,-45651.307,-0.052,0.021,-10.866,-3.859,-5.437,0.0,-0.05,0.0,0.428,0,0.437,-0.822,-1.0,-0.4
4,6600,-47339.784,-0.05,0.021,-21.069,-3.862,-5.449,-10.083,-0.05,0.0,0.428,0,0.437,-0.823,1.76,-0.261
4,6700,-48975.716,0.001,0.019,-31.382,-3.935,-5.741,-20.0,-0.05,0.0,0.413,0,0.421,-0.837,3.0,-0.361
4,6800,-49820.098,0.0,0.033,-7.977,-3.307,-3.228,0.0,-0.05,0.0,0.539,0,0.546,-0.712,-1.0,-0.461
4,6900,-50567.537,0.051,0.035,-7.248,-3.173,-2.692,0.0,-0.05,0.0,0.565,0,0.566,-0.684,-1.0,-0.161
4,7000,-51274.484,0.063,0.035,-7.095,-3.145,-2.58,0.0,-0.05,0.0,0.571,0,0.571,-0.677,3.0,-0.262
4,7100,-51966.165,0.03,0.035,-7.049,-3.136,-2.544,0.0,-0.05,0.0,0.573,0,0.573,-0.677,-1.0,-0.65
4,7200,-52662.737,-0.051,0.036,-6.848,-3.118,-2.471,0.0,-0.05,0.0,0.576,0,0.577,-0.674,-1.0,-0.5
4,7300,-53352.834,0.003,0.036,-6.957,-3.119,-2.477,0.0,-0.05,0.0,0.576,0,0.576,-0.674,-1.0,-0.3
4,7400,-54029.321,-0.0,0.039,-6.626,-3.058,-2.233,0.0,-0.05,0.0,0.588,0,0.587,-0.662,-1.0,-0.5
4,7500,-54657.19,0.043,0.042,-5.907,-2.926,-1.702,0.0,-0.05,0.0,0.615,0,0.603,-0.635,-1.0,-0.564
4,7600,-55235.952,0.0,0.044,-5.62,-2.873,-1.492,0.0,-0.05,0.0,0.625,0,0.611,-0.625,-1.0,-0.6
4,7700,-55774.074,0.019,0.048,-5.068,-2.771,-1.086,0.0,-0.05,0.0,0.646,0,0.622,-0.604,-1.0,-0.621
4,7800,-56264.068,0.004,0.049,-4.887,-2.738,-0.954,0.0,-0.05,0.0,0.652,0,0.625,-0.597,-1.0,-0.744
4,7900,-56738.156,0.005,0.051,-4.473,-2.662,-0.647,0.0,-0.05,0.0,0.668,0,0.632,-0.582,-1.0,-0.523
4,8000,-57168.137,0.0,0.054,-4.1,-2.594,-0.375,0.0,-0.05,0.0,0.681,0,0.639,-0.568,-1.0,-0.75
5,100,16.057,0.0,0.146,0.091,0.0,0.0,0.0,-0.05,0.0,1.247,0,0.062,0.003,-1.0,0.2
5,200,28.286,0.147,0.138,0.049,0.0,0.0,0.0,-0.05,0.0,1.231,0,0.12,0.02,3.0,0.4
5,300,34.642,0.0,0.132,0.014,0.0,0.0,0.0,-0.05,0.0,1.216,0,0.152,0.034,-1.0,0.366
5,400,36.454,-0.082,0.132,-0.004,0.0,0.0,0.0,-0.05,0.0,1.207,0,0.167,0.043,-1.0,-0.101
5,500,36.57,0.027,0.134,-0.046,-0.021,0.0,0.0,-0.05,0.0,1.196,0,0.188,0.055,-1.0,-0.376
5,600,30.38,0.033,0.138,-0.224,-0.149,0.0,0.0,-0.05,0.0,1.17,0,0.257,0.081,-1.0,0.224
5,700,7.827,0.22,0.145,-0.371,-0.26,0.0,0.0,-0.05,0.0,1.148,0,0.332,0.103,3.0,-0.131
5,800,-49.929,0.027,0.06,-1.772,-1.203,0.0,0.0,-0.05,0.0,0.959,0,0.747,-0.289,-1.0,-0.6
5,900,-212.577,0.003,0.064,-1.538,-1.037,0.0,0.0,-0.05,0.0,0.993,0,0.756,-0.257,-1.0,-0.575
5,1000,-358.413,0.007,0.068,-1.393,-0.939,0.0,0.0,-0.05,0.0,1.012,0,0.761,-0.236,-1.0,-0.443
5,1100,-487.578,0.01,0.072,-1.227,-0.822,0.0,0.0,-0.05,0.0,1.036,0,0.764,-0.213,-1.0,-0.3
5,1200,-602.061,0.005,0.075,-1.042,-0.694,0.0,0.0,-0.05,0.0,1.061,0,0.765,-0.187,-1.0,-0.1
5,1300,-699.149,0.004,0.077,-0.917,-0.603,0.0,0.0,-0.05,0.0,1.079,0,0.766,-0.171,-1.0,-0.6
5,1400,-785.228,0.001,0.08,-0.812,-0.53,0.0,0.0,-0.05,0.0,1.094,0,0.768,-0.156,-1.0,-0.45
5,1500,-856.411,-0.004,0.085,-0.594,-0.377,0.0,0.0,-0.05,0.0,1.125,0,0.767,-0.126,3.0,-0.65
5,1600,-907.878,0.0,0.087,-0.424,-0.257,0.0,0.0,-0.05,0.0,1.149,0,0.761,-0.102,-1.0,-0.59
5,1700,-947.063,-0.003,0.089,-0.334,-0.195,0.0,0.0,-0.05,0.0,1.161,0,0.758,-0.089,3.0,-0.05
5,1800,-976.082,-0.006,0.09,-0.281,-0.159,0.0,0.0,-0.05,0.0,1.168,0,0.756,-0.081,-1.0,-0.75
5,1900,-999.76,-0.0,0.093,-0.193,-0.097,0.0,0.0,-0.05,0.0,1.181,0,0.753,-0.069,-1.0,-0.7
5,2000,-1015.423,-0.013,0.096,-0.088,-0.026,0.0,0.0,-0.05,0.0,1.195,0,0.748,-0.054,-1.0,-0.35
5,2100,-1019.507,-0.018,0.097,-0.027,0.0,0.0,0.0,-0.05,0.0,1.212,0,0.742,-0.037,-1.0,-0.45
5,2200,-1021.307,-0.02,0.099,-0.007,0.0,0.0,0.0,-0.05,0.0,1.222,0,0.739,-0.028,1.164,-0.75
5,2300,-1021.919,0.012,0.099,-0.015,0.0,0.0,0.0,-0.05,0.0,1.218,0,0.741,-0.032,3.0,-0.137
5,2400,-1022.428,0.032,0.102,0.031,0.0,0.0,0.0,-0.05,0.0,1.239,0,0.732,-0.011,0.122,-0.25
5,2500,-1018.971,0.0,0.103,0.046,0.0,0.0,0.0,-0.05,0.0,1.247,0,0.729,-0.003,-1.0,-0.45
5,2600,-1017.7,-0.002,0.106,0.003,0.0,0.0,0.0,-0.05,0.0,1.224,0,0.71,0.027,-1.0,-0.25
5,2700,-1017.73,-0.061,0.107,-0.008,0.0,0.0,0.0,-0.05,0.0,1.218,0,0.707,0.033,-1.0,-0.241
5,2800,-1021.046,0.0,0.108,-0.038,0.0,0.0,0.0,-0.05,0.0,1.201,0,0.698,0.048,-1.0,-0.136
5,2900,-1234.025,0.024,0.123,-2.03,-1.432,0.0,0.0,-0.05,0.0,0.914,0,0.471,0.336,-0.963,-0.457
5,3000,-1439.621,0.029,0.123,-2.032,-1.432,0.0,0.0,-0.05,0.0,0.914,0,0.47,0.336,2.874,-0.7
5,3100,-1641.325,-0.008,0.122,-2.021,-1.423,0.0,0.0,-0.05,0.0,0.915,0,0.473,0.335,3.0,0.019
5,3200,-1840.573,0.005,0.123,-1.964,-1.384,0.0,0.0,-0.05,0.0,0.923,0,0.48,0.327,-1.0,-0.0
5,3300,-2037.879,0.0,0.123,-1.979,-1.394,0.0,0.0,-0.05,0.0,0.921,0,0.478,0.329,-1.0,0.219
5,3400,-2230.077,0.004,0.124,-1.903,-1.341,0.0,0.0,-0.05,0.0,0.932,0,0.486,0.318,-1.0,0.3
5,3500,-2410.215,-0.001,0.128,-1.781,-1.257,0.0,0.0,-0.05,0.0,0.949,0,0.503,0.301,-1.0,0.35
5,3600,-2585.305,-0.002,0.13,-1.719,-1.213,0.0,0.0,-0.05,0.0,0.957,0,0.512,0.293,3.0,0.7
5,3700,-2741.269,0.104,0.139,-1.501,-1.066,0.0,0.0,-0.05,0.0,0.987,0,0.554,0.262,-1.0,0.7
5,3800,-2873.202,0.131,0.152,-1.303,-0.931,0.0,0.0,-0.05,0.0,1.014,0,0.626,0.236,3.0,0.7
5,3900,-2994.672,0.006,0.151,-1.259,-0.9,0.0,0.0,-0.05,0.0,1.02,0,0.683,0.23,3.0,0.6
5,4000,-3115.489,0.03,0.144,-1.292,-0.919,0.0,0.0,-0.05,0.0,1.016,0,0.746,0.234,3.0,0.15
5,4100,-3241.674,0.055,0.139,-1.447,-1.024,0.0,0.0,-0.05,0.0,0.995,0,0.853,0.256,3.0,0.207
5,4200,-3383.572,0.037,0.142,-1.584,-1.126,0.0,0.0,-0.05,0.0,0.975,0,0.952,0.275,-0.057,-0.123
5,4300,-3537.923,0.216,0.14,-1.702,-1.206,0.0,0.0,-0.05,0.0,0.959,0,1.055,0.293,3.0,-0.023
5,4400,-3703.536,0.0,0.147,-1.824,-1.3,0.0,0.0,-0.05,0.0,0.94,0,1.18,0.31,3.0,-0.423
5,4500,-3865.325,0.298,0.155,-1.713,-1.227,0.0,0.0,-0.05,0.0,0.955,0,1.359,0.296,2.713,0.14
5,4600,-4025.435,0.079,0.144,-1.688,-1.201,0.0,0.0,-0.05,0.0,0.96,0,1.448,0.29,3.0,0.634
5,4700,-4190.703,0.0,0.138,-1.776,-1.26,0.0,0.0,-0.05,0.0,0.948,0,1.52,0.302,-0.024,-0.356
5,4800,-4362.995,0.0,0.137,-1.899,-1.347,0.0,0.0,-0.05,0.0,0.931,0,1.64,0.32,2.901,0.039
5,4900,-4331.618,0.011,0.067,-0.081,0.0,0.0,0.0,-0.05,0.0,1.201,1,2.024,-0.049,-1.0,-0.7
5,5000,-4337.726,0.008,0.069,-0.046,0.0,0.0,0.0,-0.05,0.0,1.217,1,2.03,-0.033,3.0,0.05
5,5100,-4339.863,0.024,0.068,0.011,0.0,0.0,0.0,-0.05,0.0,1.245,1,2.036,-0.004,3.0,0.15
5,5200,-4338.632,0.002,0.07,0.017,0.0,0.0,0.0,-0.05,0.0,1.249,1,2.038,0.001,-1.0,-0.7
5,5300,-4338.308,0.0,0.073,-0.022,0.0,0.0,0.0,-0.05,0.0,1.227,1,2.043,0.023,-1.0,-0.5
5,5400,-4341.839,-0.004,0.076,-0.053,0.0,0.0,0.0,-0.05,0.0,1.211,1,2.047,0.04,-1.0,-0.75
5,5500,-4351.163,0.006,0.08,-0.19,-0.085,0.0,0.0,-0.05,0.0,1.183,1,2.048,0.067,3.0,-0.3
5,5600,-4376.105,-0.001,0.082,-0.292,-0.16,0.0,0.0,-0.05,0.0,1.168,1,2.049,0.082,-1.0,-0.55
5,5700,-4409.402,0.006,0.083,-0.371,-0.217,0.0,0.0,-0.05,0.0,1.157,1,2.049,0.094,-1.0,-0.65
5,5800,-4454.927,0.003,0.088,-0.548,-0.346,0.0,0.0,-0.05,0.0,1.131,1,2.048,0.119,0.84,-0.438
5,5900,-4513.929,-0.003,0.089,-0.649,-0.419,0.0,0.0,-0.05,0.0,1.116,1,2.047,0.135,-1.0,-0.251
5,6000,-4589.196,0.0,0.09,-0.745,-0.489,0.0,0.0,-0.05,0.0,1.102,1,2.044,0.148,3.0,-0.664
5,6100,-4664.687,0.041,0.089,-0.783,-0.516,0.0,0.0,-0.05,0.0,1.097,1,2.043,0.153,-1.0,-0.081
5,6200,-4754.234,-0.023,0.092,-0.978,-0.657,0.0,0.0,-0.05,0.0,1.069,1,2.037,0.182,-1.0,-0.363
5,6300,-4850.455,0.082,0.091,-0.947,-0.635,0.0,0.0,-0.05,0.0,1.073,1,2.039,0.176,-0.338,0.0
5,6400,-4946.47,-0.026,0.092,-1.042,-0.7,0.0,0.0,-0.05,0.0,1.06,1,2.035,0.192,3.0,-0.104
5,6500,-5049.716,-0.011,0.092,-1.036,-0.699,0.0,0.0,-0.05,0.0,1.06,1,2.035,0.19,-1.0,0.394
5,6600,-5162.15,-0.012,0.091,-1.135,-0.767,0.0,0.0,-0.05,0.0,1.047,1,2.028,0.204,-0.396,0.3
5,6700,-5275.185,-0.003,0.092,-1.138,-0.771,0.0,0.0,-0.05,0.0,1.046,1,2.027,0.205,-1.0,-0.65
5,6800,-5391.931,-0.006,0.093,-1.181,-0.803,0.0,0.0,-0.05,0.0,1.039,1,2.025,0.211,-1.0,-0.6
5,6900,-5509.082,0.0,0.092,-1.153,-0.782,0.0,0.0,-0.05,0.0,1.044,1,2.026,0.206,-1.0,-0.598
5,7000,-5699.27,0.0,0.111,-1.841,-1.29,0.0,0.0,-0.05,0.0,0.942,1,1.989,0.306,-1.0,-0.114
5,7100,-5877.97,-0.004,0.112,-1.733,-1.211,0.0,0.0,-0.05,0.0,0.958,1,1.999,0.292,-1.0,0.286
5,7200,-6049.571,0.0,0.113,-1.72,-1.202,0.0,0.0,-0.05,0.0,0.96,1,2.001,0.29,-1.0,0.241
5,7300,-6220.394,0.0,0.114,-1.688,-1.182,0.0,0.0,-0.05,0.0,0.964,1,2.007,0.285,3.0,0.341
5,7400,-6375.611,0.002,0.121,-1.467,-1.027,0.0,0.0,-0.05,0.0,0.995,1,2.032,0.255,3.0,0.6
5,7500,-6511.364,0.051,0.127,-1.306,-0.917,0.0,0.0,-0.05,0.0,1.017,1,2.054,0.233,-1.0,0.4
5,7600,-6629.187,-0.003,0.134,-1.117,-0.786,0.0,0.0,-0.05,0.0,1.043,1,2.091,0.207,3.0,0.6
5,7700,-6721.213,0.002,0.146,-0.857,-0.61,0.0,0.0,-0.05,0.0,1.078,1,2.185,0.171,3.0,0.5
5,7800,-6794.231,0.121,0.156,-0.781,-0.561,0.0,0.0,-0.05,0.0,1.088,1,2.254,0.162,2.622,0.45
5,7900,-6865.407,-0.004,0.141,-0.892,-0.632,0.0,0.0,-0.05,0.0,1.074,1,2.373,0.176,3.0,0.7
5,8000,-6952.574,0.037,0.134,-0.948,-0.666,0.0,0.0,-0.05,0.0,1.067,1,2.408,0.183,3.0,0.4
6,100,25.25,0.141,0.147,0.086,0.0,0.0,0.0,-0.05,0.0,1.245,0,0.152,0.006,3.0,0.1
6,200,43.254,0.163,0.147,0.03,0.0,0.0,0.0,-0.05,0.0,1.217,0,0.28,0.034,3.0,-0.3
6,300,56.78,-0.018,0.153,0.011,0.0,0.0,0.0,-0.05,0.0,1.204,0,0.396,0.046,3.0,-0.0
6,400,69.506,0.029,0.157,-0.027,-0.024,0.0,0.0,-0.05,0.0,1.195,0,0.539,0.055,3.0,0.2
6,500,74.814,0.226,0.148,-0.037,-0.026,0.0,0.0,-0.05,0.0,1.195,0,0.618,0.055,3.0,0.366
6,600,74.608,0.132,0.148,-0.233,-0.165,0.0,0.0,-0.05,0.0,1.167,0,0.75,0.083,-1.0,-0.434
6,700,61.479,0.17,0.149,-0.311,-0.221,0.0,0.0,-0.05,0.0,1.156,0,0.894,0.095,-1.0,0.292
6,800,34.555,0.013,0.141,-0.473,-0.331,0.0,0.0,-0.05,0.0,1.134,0,1.016,0.117,3.0,0.116
6,900,-11.859,0.167,0.146,-0.553,-0.392,0.0,0.0,-0.05,0.0,1.122,0,1.067,0.128,3.0,-0.484
6,1000,-90.64,0.012,0.069,-1.979,-1.356,0.0,0.0,-0.05,0.0,0.929,0,1.595,-0.321,3.0,-0.75
6,1100,-280.639,0.006,0.073,-1.836,-1.258,0.0,0.0,-0.05,0.0,0.948,0,1.595,-0.301,-1.0,-0.35
6,1200,-447.919,0.013,0.078,-1.602,-1.094,0.0,0.0,-0.05,0.0,0.981,0,1.592,-0.268,-1.0,-0.6
6,1300,-606.935,0.0,0.078,-1.613,-1.1,0.0,0.0,-0.05,0.0,0.98,0,1.594,-0.27,-1.0,-0.45
6,1400,-768.781,0.001,0.079,-1.57,-1.07,0.0,0.0,-0.05,0.0,0.986,0,1.593,-0.264,-1.0,-0.45
6,1500,-926.211,0.006,0.08,-1.559,-1.064,0.0,0.0,-0.05,0.0,0.987,0,1.598,-0.263,-1.0,-0.65
6,1600,-1077.99,0.003,0.082,-1.502,-1.024,0.0,0.0,-0.05,0.0,0.995,0,1.597,-0.255,-1.0,-0.4
6,1700,-1223.373,0.004,0.085,-1.392,-0.949,0.0,0.0,-0.05,0.0,1.01,0,1.593,-0.239,-1.0,-0.65
6,1800,-1354.735,-0.004,0.089,-1.242,-0.845,0.0,0.0,-0.05,0.0,1.031,0,1.586,-0.218,-1.0,-0.697
6,1900,-1469.868,0.002,0.093,-1.085,-0.734,0.0,0.0,-0.05,0.0,1.053,0,1.577,-0.197,-1.0,-0.697
6,2000,-1573.894,0.0,0.095,-1.015,-0.686,0.0,0.0,-0.05,0.0,1.063,0,1.578,-0.187,-1.0,-0.4
6,2100,-1675.688,-0.0,0.095,-0.996,-0.672,0.0,0.0,-0.05,0.0,1.066,0,1.577,-0.184,-1.0,-0.1
6,2200,-1774.212,-0.031,0.096,-0.95,-0.642,0.0,0.0,-0.05,0.0,1.072,0,1.574,-0.177,-1.0,-0.3
6,2300,-1861.854,-0.042,0.101,-0.736,-0.491,0.0,0.0,-0.05,0.0,1.102,0,1.557,-0.148,-1.0,-0.171
6,2400,-1921.844,0.0,0.102,-0.524,-0.34,0.0,0.0,-0.05,0.0,1.132,0,1.54,-0.118,-0.546,-0.271
6,2500,-1971.088,-0.044,0.104,-0.409,-0.262,0.0,0.0,-0.05,0.0,1.148,0,1.529,-0.1,-1.0,-0.157
6,2600,-2007.005,-0.028,0.105,-0.331,-0.206,0.0,0.0,-0.05,0.0,1.159,0,1.522,-0.09,-1.0,-0.402
6,2700,-2033.344,-0.004,0.109,-0.168,-0.09,0.0,0.0,-0.05,0.0,1.182,0,1.507,-0.068,-1.0,-0.102
6,2800,-2047.143,0.001,0.109,-0.115,-0.052,0.0,0.0,-0.05,0.0,1.19,0,1.502,-0.06,-1.0,-0.037
6,2900,-2053.262,0.003,0.108,-0.0,0.0,0.0,0.0,-0.05,0.0,1.221,0,1.479,-0.029,-1.0,0.263
6,3000,-2062.425,-8.635,0.091,-1.065,-0.715,0.0,0.0,-0.05,0.0,1.057,0,1.389,0.195,-1.0,0.263
6,3100,-2185.223,-0.016,0.092,-1.271,-0.865,0.0,0.0,-0.05,0.0,1.027,0,1.385,0.224,-1.0,-0.537
6,3200,-2323.577,0.006,0.096,-1.518,-1.044,0.0,0.0,-0.05,0.0,0.991,0,1.38,0.26,-1.0,-0.237
6,3300,-2493.779,-0.018,0.102,-1.847,-1.282,0.0,0.0,-0.05,0.0,0.944,0,1.369,0.308,-1.0,-0.637
6,3400,-2685.074,0.0,0.104,-1.958,-1.366,0.0,0.0,-0.05,0.0,0.927,0,1.363,0.323,-1.0,0.2
6,3500,-2885.259,-0.052,0.103,-2.027,-1.414,0.0,0.0,-0.05,0.0,0.917,0,1.359,0.334,-1.0,0.6
6,3600,-3099.568,-0.014,0.1,-2.259,-1.577,0.0,0.0,-0.05,0.0,0.885,0,1.349,0.366,-1.0,0.151
6,3700,-3328.855,-0.002,0.1,-2.269,-1.585,0.0,0.0,-0.05,0.0,0.883,0,1.349,0.367,-1.0,-0.518
6,3800,-3553.666,-0.011,0.1,-2.274,-1.588,0.0,0.0,-0.05,0.0,0.882,0,1.351,0.368,-0.353,-0.55
6,3900,-3800.593,0.0,0.104,-2.586,-1.814,0.0,0.0,-0.05,0.0,0.837,0,1.34,0.413,3.0,-0.104
6,4000,-4064.287,-0.006,0.105,-2.646,-1.857,0.0,0.0,-0.05,0.0,0.829,0,1.337,0.422,-1.0,-0.004
6,4100,-4330.103,-0.02,0.105,-2.648,-1.858,0.0,0.0,-0.05,0.0,0.828,0,1.337,0.422,-1.0,-0.247
6,4200,-4597.646,-0.008,0.107,-2.763,-1.943,0.0,0.0,-0.05,0.0,0.811,0,1.333,0.439,-1.0,-0.451
6,4300,-4874.921,0.005,0.108,-2.786,-1.96,0.0,0.0,-0.05,0.0,0.808,0,1.335,0.442,1.777,-0.6
6,4400,-5150.532,0.0,0.107,-2.763,-1.943,0.0,0.0,-0.05,0.0,0.811,0,1.336,0.439,-0.162,-0.569
6,4500,-5433.406,-0.002,0.106,-2.9,-2.039,0.0,0.0,-0.05,0.0,0.792,0,1.328,0.458,-1.0,0.631
6,4600,-5730.198,-0.004,0.106,-2.988,-2.103,0.0,0.0,-0.05,0.0,0.779,0,1.325,0.471,-1.0,-0.6
6,4700,-6031.849,-0.031,0.107,-3.015,-2.12,0.0,0.0,-0.05,0.0,0.776,0,1.323,0.476,-1.0,-0.5
6,4800,-6337.291,-0.009,0.107,-3.036,-2.137,0.0,0.0,-0.05,0.0,0.773,0,1.324,0.478,-1.0,-0.5
6,4900,-6643.982,-0.007,0.108,-3.062,-2.157,0.0,0.0,-0.05,0.0,0.769,0,1.323,0.482,-1.0,0.0
6,5000,-6947.06,0.0,0.109,-3.043,-2.144,0.0,0.0,-0.05,0.0,0.771,0,1.324,0.479,-1.0,-0.5
6,5100,-7397.744,-0.007,0.135,-5.541,-2.875,-1.501,0.0,-0.05,0.0,0.625,0,1.24,0.625,-1.0,-0.182
6,5200,-7965.909,-0.025,0.135,-5.698,-2.904,-1.617,0.0,-0.05,0.0,0.619,0,1.234,0.631,-1.0,0.137
6,5300,-8532.013,0.07,0.137,-5.481,-2.865,-1.458,0.0,-0.05,0.0,0.627,0,1.242,0.622,-1.0,0.4
6,5400,-9052.293,0.022,0.139,-5.115,-2.797,-1.189,0.0,-0.05,0.0,0.641,0,1.256,0.609,-1.0,0.3
6,5500,-9547.208,0.025,0.143,-4.747,-2.73,-0.921,0.0,-0.05,0.0,0.654,0,1.269,0.594,-1.0,0.75
6,5600,-9994.19,0.107,0.147,-4.207,-2.631,-0.523,0.0,-0.05,0.0,0.674,0,1.293,0.575,-1.0,0.55
6,5700,-10396.834,-0.011,0.149,-3.882,-2.57,-0.282,0.0,-0.05,0.0,0.686,0,1.311,0.564,-1.0,0.55
6,5800,-10754.625,-0.007,0.155,-3.468,-2.481,0.0,0.0,-0.05,0.0,0.704,0,1.35,0.546,3.0,0.65
6,5900,-11086.549,0.193,0.144,-3.345,-2.385,0.0,0.0,-0.05,0.0,0.723,0,1.427,0.527,3.0,0.45
6,6000,-11412.915,0.257,0.133,-3.372,-2.396,0.0,0.0,-0.05,0.0,0.721,0,1.524,0.53,-1.0,0.509
6,6100,-11749.237,0.0,0.13,-3.4,-2.414,0.0,0.0,-0.05,0.0,0.717,0,1.55,0.533,3.0,-0.091
6,6200,-12087.93,0.0,0.134,-3.445,-2.449,0.0,0.0,-0.05,0.0,0.71,0,1.595,0.54,-1.0,-0.562
6,6300,-12427.822,0.0,0.143,-3.448,-2.457,0.0,0.0,-0.05,0.0,0.709,0,1.657,0.541,3.0,-0.6
6,6400,-12755.09,0.0,0.138,-3.348,-2.383,0.0,0.0,-0.05,0.0,0.723,0,1.781,0.527,3.0,0.417
6,6500,-13079.793,0.339,0.138,-3.318,-2.363,0.0,0.0,-0.05,0.0,0.727,0,1.876,0.522,3.0,0.524
6,6600,-13305.752,0.0,0.146,-3.288,-2.346,0.0,0.0,-0.05,0.0,0.731,1,1.923,0.519,3.0,0.4
6,6700,-13633.412,-0.032,0.14,-3.335,-2.375,0.0,0.0,-0.05,0.0,0.725,1,1.97,0.525,3.0,0.4
6,6800,-13965.123,-0.0,0.139,-3.302,-2.351,0.0,0.0,-0.05,0.0,0.73,1,1.971,0.52,0.686,0.55
6,6900,-14292.862,-0.001,0.139,-3.32,-2.364,0.0,0.0,-0.05,0.0,0.727,1,1.989,0.523,-1.0,-0.1
6,7000,-14623.732,0.185,0.14,-3.464,-2.465,0.0,0.0,-0.05,0.0,0.707,1,2.077,0.544,-1.0,-0.045
6,7100,-15018.383,0.009,0.062,-10.716,-3.82,-5.28,0.0,-0.05,0.0,0.436,1,2.291,0.814,-1.0,0.75
6,7200,-16203.447,0.002,0.065,-11.835,-3.651,-4.604,-2.035,-0.05,0.0,0.47,1,2.297,0.78,0.754,-0.15
6,7300,-17223.976,0.001,0.061,-9.137,-3.527,-4.109,0.0,-0.05,0.0,0.495,1,2.299,0.755,-1.0,-0.75
6,7400,-18152.855,0.004,0.059,-8.941,-3.491,-3.963,0.0,-0.05,0.0,0.502,1,2.299,0.748,-1.0,-0.5
6,7500,-19038.02,0.032,0.057,-8.499,-3.409,-3.636,0.0,-0.05,0.0,0.518,1,2.303,0.73,0.004,-0.3
6,7600,-19852.269,0.019,0.054,-7.905,-3.298,-3.194,0.0,-0.05,0.0,0.54,1,2.307,0.708,-1.0,-0.6
6,7700,-20620.585,0.0,0.052,-7.512,-3.225,-2.899,0.0,-0.05,0.0,0.555,1,2.311,0.695,-1.0,-0.55
6,7800,-21369.248,0.033,0.051,-7.246,-3.176,-2.702,0.0,-0.05,0.0,0.565,1,2.314,0.684,-1.0,-0.3
6,7900,-22026.008,0.041,0.047,-6.14,-2.969,-1.877,0.0,-0.05,0.0,0.606,1,2.332,0.645,-1.0,-0.39
6,8000,-22595.453,0.0,0.043,-5.178,-2.791,-1.164,0.0,-0.05,0.0,0.642,1,2.355,0.608,-1.0,0.21
7,100,18.941,0.013,0.148,0.093,0.0,0.0,0.0,-0.05,0.0,1.247,0,0.09,0.003,3.0,0.616
7,200,33.329,0.071,0.143,0.057,0.0,0.0,0.0,-0.05,0.0,1.233,0,0.162,0.018,0.663,-0.034
7,300,42.726,0.0,0.135,0.012,0.0,0.0,0.0,-0.05,0.0,1.215,0,0.218,0.037,-1.0,0.3
7,400,46.065,0.001,0.138,-0.011,0.0,0.0,0.0,-0.05,0.0,1.201,0,0.248,0.049,3.0,-0.3
7,500,44.643,-0.017,0.139,-0.14,-0.091,0.0,0.0,-0.05,0.0,1.182,0,0.297,0.069,-1.0,-0.1
7,600,31.613,0.166,0.144,-0.297,-0.208,0.0,0.0,-0.05,0.0,1.158,0,0.38,0.092,3.0,-0.431
7,700,8.297,0.197,0.149,-0.424,-0.302,0.0,0.0,-0.05,0.0,1.14,0,0.511,0.111,3.0,0.223
7,800,-32.404,0.049,0.141,-0.515,-0.361,0.0,0.0,-0.05,0.0,1.128,0,0.581,0.122,3.0,0.536
7,900,-82.393,0.227,0.136,-0.622,-0.434,0.0,0.0,-0.05,0.0,1.113,0,0.633,0.137,-1.0,-0.4
7,1000,-145.396,0.079,0.139,-0.657,-0.461,0.0,0.0,-0.05,0.0,1.108,0,0.647,0.143,3.0,-0.65
7,1100,-207.737,0.0,0.149,-0.751,-0.536,0.0,0.0,-0.05,0.0,1.093,0,0.723,0.157,3.0,-0.2
7,1200,-281.903,0.0,0.119,-2.6,-1.834,0.0,0.0,-0.05,0.0,0.833,0,1.854,0.417,-1.0,-0.2
7,1300,-443.815,-0.009,0.134,-2.719,-1.93,0.0,0.0,-0.05,0.0,0.814,1,1.899,0.436,3.0,0.0
7,1400,-717.376,0.004,0.138,-2.831,-2.014,0.0,0.0,-0.05,0.0,0.797,1,1.945,0.453,-1.0,-0.584
7,1500,-995.672,-0.004,0.14,-2.981,-2.122,0.0,0.0,-0.05,0.0,0.776,1,2.052,0.474,-1.0,0.116
7,1600,-1293.31,0.043,0.136,-3.109,-2.211,0.0,0.0,-0.05,0.0,0.758,1,2.116,0.492,-1.0,0.175
7,1700,-1604.058,0.0,0.133,-3.151,-2.239,0.0,0.0,-0.05,0.0,0.752,1,2.135,0.498,1.535,0.375
7,1800,-1917.498,0.0,0.131,-3.155,-2.239,0.0,0.0,-0.05,0.0,0.752,1,2.145,0.499,-1.0,0.175
7,1900,-2233.889,-0.058,0.134,-3.289,-2.336,0.0,0.0,-0.05,0.0,0.733,1,2.194,0.518,3.0,-0.125
9,100,21.665,0.253,0.147,0.068,0.0,0.0,0.0,-0.05,0.0,1.237,0,0.121,0.014,3.0,0.179
9,200,43.207,0.288,0.143,-0.156,-0.105,0.0,0.0,-0.05,0.0,1.179,0,0.346,0.072,3.0,-0.041
9,300,32.795,0.291,0.146,-0.506,-0.357,0.0,0.0,-0.05,0.0,1.129,0,0.583,0.123,3.0,-0.05
9,400,-6.807,0.296,0.149,-0.707,-0.504,0.0,0.0,-0.05,0.0,1.099,0,0.809,0.151,3.0,-0.006
9,500,-60.903,0.296,0.149,-0.854,-0.609,0.0,0.0,-0.05,0.0,1.078,0,1.052,0.172,3.0,-0.004
9,600,-129.735,0.295,0.148,-0.987,-0.703,0.0,0.0,-0.05,0.0,1.059,0,1.288,0.191,3.0,-0.002
9,700,-210.454,0.294,0.147,-1.106,-0.787,0.0,0.0,-0.05,0.0,1.043,0,1.533,0.208,3.0,-0.005
9,800,-303.763,0.0,0.145,-1.209,-0.861,0.0,0.0,-0.05,0.0,1.028,0,1.764,0.222,3.0,-0.009
9,900,-315.006,0.168,0.139,-1.327,-0.935,0.0,0.0,-0.05,0.0,1.013,1,1.908,0.241,3.0,0.405
9,1000,-454.909,0.507,0.137,-1.853,-1.309,0.0,0.0,-0.05,0.0,0.938,1,2.117,0.316,2.75,-0.014
9,1100,-646.338,0.23,0.137,-2.35,-1.666,0.0,0.0,-0.05,0.0,0.867,1,2.326,0.386,2.486,-0.015
9,1200,-885.482,0.0,0.137,-2.742,-1.948,0.0,0.0,-0.05,0.0,0.81,1,2.5,0.441,2.148,-0.009
9,1300,-1161.773,0.0,0.137,-3.06,-2.177,0.0,0.0,-0.05,0.0,0.765,1,2.647,0.485,1.787,-0.01
9,1400,-1468.416,0.0,0.137,-3.304,-2.349,0.0,0.0,-0.05,0.0,0.73,1,2.771,0.521,1.473,-0.01
9,1500,-1800.211,0.112,0.137,-3.512,-2.498,0.0,0.0,-0.05,0.0,0.7,1,2.874,0.551,1.218,-0.009
9,1600,-2176.26,0.094,0.137,-4.155,-2.619,-0.474,0.0,-0.05,0.0,0.676,1,2.958,0.574,1.017,-0.008
9,1700,-2611.869,0.079,0.136,-4.659,-2.712,-0.848,0.0,-0.05,0.0,0.658,1,3.028,0.593,0.856,-0.009
9,1800,-3085.308,0.001,0.136,-4.759,-2.731,-0.922,0.0,-0.05,0.0,0.654,1,3.038,0.596,0.81,-0.015
9,1900,-3562.134,0.002,0.136,-4.782,-2.735,-0.939,0.0,-0.05,0.0,0.653,1,3.04,0.597,0.788,-0.02
9,2000,-4041.593,0.002,0.136,-4.81,-2.74,-0.96,0.0,-0.05,0.0,0.652,1,3.043,0.598,0.77,-0.024
9,2100,-4523.73,0.0,0.136,-4.835,-2.745,-0.979,0.0,-0.05,0.0,0.651,1,3.045,0.599,0.759,-0.025
9,2200,-5008.377,0.002,0.136,-4.86,-2.749,-0.997,0.0,-0.05,0.0,0.65,1,3.047,0.6,0.749,-0.026
9,2300,-5495.239,0.001,0.136,-4.878,-2.753,-1.01,0.0,-0.05,0.0,0.649,1,3.049,0.601,0.738,-0.028
9,2400,-5984.132,0.0,0.136,-4.9,-2.757,-1.026,0.0,-0.05,0.0,0.649,1,3.05,0.601,0.728,-0.029
9,2500,-6474.997,0.001,0.136,-4.922,-2.761,-1.043,0.0,-0.05,0.0,0.648,1,3.052,0.602,0.713,-0.032
9,2600,-6968.016,0.002,0.136,-4.942,-2.764,-1.058,0.0,-0.05,0.0,0.647,1,3.054,0.603,0.699,-0.035
9,2700,-7463.061,0.0,0.136,-4.96,-2.768,-1.071,0.0,-0.05,0.0,0.646,1,3.055,0.604,0.686,-0.039
9,2800,-7959.82,0.002,0.136,-4.978,-2.771,-1.084,0.0,-0.05,0.0,0.646,1,3.057,0.604,0.672,-0.042
9,2900,-8458.223,0.002,0.136,-4.993,-2.774,-1.095,0.0,-0.05,0.0,0.645,1,3.058,0.605,0.662,-0.044
9,3000,-8958.139,0.0,0.136,-5.007,-2.777,-1.106,0.0,-0.05,0.0,0.645,1,3.059,0.605,0.651,-0.046
9,3100,-9459.607,0.0,0.136,-5.023,-2.779,-1.118,0.0,-0.05,0.0,0.644,1,3.061,0.606,0.643,-0.048
9,3200,-9962.626,0.001,0.136,-5.039,-2.782,-1.129,0.0,-0.05,0.0,0.644,1,3.062,0.606,0.633,-0.05
9,3300,-10467.163,0.001,0.136,-5.055,-2.785,-1.141,0.0,-0.05,0.0,0.643,1,3.063,0.607,0.628,-0.05
9,3400,-10973.322,0.001,0.136,-5.07,-2.788,-1.153,0.0,-0.05,0.0,0.642,1,3.064,0.608,0.619,-0.052
9,3500,-11480.702,0.001,0.136,-5.08,-2.79,-1.16,0.0,-0.05,0.0,0.642,1,3.065,0.608,0.613,-0.053
9,3600,-11989.073,0.001,0.136,-5.087,-2.791,-1.165,0.0,-0.05,0.0,0.642,1,3.066,0.608,0.613,-0.053
9,3700,-12498.024,0.001,0.136,-5.093,-2.792,-1.169,0.0,-0.05,0.0,0.642,1,3.066,0.608,0.614,-0.051
9,3800,-13007.83,0.002,0.136,-5.106,-2.795,-1.179,0.0,-0.05,0.0,0.641,1,3.067,0.609,0.605,-0.054
9,3900,-13518.943,0.001,0.136,-5.117,-2.797,-1.187,0.0,-0.05,0.0,0.641,1,3.068,0.609,0.588,-0.059
9,4000,-14031.157,0.001,0.136,-5.128,-2.799,-1.195,0.0,-0.05,0.0,0.64,1,3.069,0.61,0.576,-0.063
9,4100,-14544.384,0.0,0.136,-5.137,-2.8,-1.202,0.0,-0.05,0.0,0.64,1,3.069,0.61,0.565,-0.066
9,4200,-15058.411,0.0,0.136,-5.144,-2.802,-1.207,0.0,-0.05,0.0,0.64,1,3.07,0.61,0.552,-0.071
9,4300,-15573.195,0.0,0.136,-5.152,-2.803,-1.213,0.0,-0.05,0.0,0.639,1,3.07,0.611,0.541,-0.075
9,4400,-16088.77,0.002,0.136,-5.159,-2.805,-1.218,0.0,-0.05,0.0,0.639,1,3.071,0.611,0.535,-0.076
9,4500,-16605.008,0.001,0.136,-5.166,-2.806,-1.224,0.0,-0.05,0.0,0.639,1,3.071,0.611,0.531,-0.077
9,4600,-17121.957,0.0,0.136,-5.174,-2.807,-1.229,0.0,-0.05,0.0,0.639,1,3.072,0.611,0.528,-0.078
9,4700,-17639.642,0.0,0.136,-5.181,-2.809,-1.235,0.0,-0.05,0.0,0.638,1,3.072,0.612,0.525,-0.078
9,4800,-18158.311,0.0,0.136,-5.193,-2.811,-1.243,0.0,-0.05,0.0,0.638,1,3.074,0.612,0.529,-0.075
9,4900,-18677.847,0.0,0.136,-5.199,-2.812,-1.248,0.0,-0.05,0.0,0.638,1,3.074,0.612,0.526,-0.075
9,5000,-19198.014,0.0,0.136,-5.206,-2.813,-1.253,0.0,-0.05,0.0,0.637,1,3.075,0.613,0.524,-0.075
9,5100,-19718.833,0.0,0.136,-5.211,-2.814,-1.257,0.0,-0.05,0.0,0.637,1,3.075,0.613,0.521,-0.076
9,5200,-20240.195,0.0,0.136,-5.217,-2.815,-1.261,0.0,-0.05,0.0,0.637,1,3.076,0.613,0.516,-0.077
9,5300,-20762.071,0.001,0.136,-5.221,-2.816,-1.264,0.0,-0.05,0.0,0.637,1,3.076,0.613,0.509,-0.08
9,5400,-21284.447,0.0,0.136,-5.227,-2.817,-1.268,0.0,-0.05,0.0,0.637,1,3.076,0.613,0.506,-0.08
9,5500,-21807.361,0.0,0.136,-5.232,-2.818,-1.272,0.0,-0.05,0.0,0.636,1,3.077,0.614,0.503,-0.081
9,5600,-22330.779,0.0,0.136,-5.237,-2.819,-1.276,0.0,-0.05,0.0,0.636,1,3.077,0.614,0.497,-0.083
9,5700,-22854.747,0.0,0.136,-5.242,-2.82,-1.28,0.0,-0.05,0.0,0.636,1,3.077,0.614,0.492,-0.085
9,5800,-23379.183,0.0,0.136,-5.247,-2.821,-1.283,0.0,-0.05,0.0,0.636,1,3.078,0.614,0.486,-0.087
9,5900,-23904.02,0.0,0.136,-5.251,-2.822,-1.286,0.0,-0.05,0.0,0.636,1,3.078,0.614,0.483,-0.088
9,6000,-24429.339,0.0,0.136,-5.256,-2.823,-1.29,0.0,-0.05,0.0,0.635,1,3.078,0.615,0.479,-0.089
9,6100,-24955.212,0.0,0.136,-5.261,-2.824,-1.294,0.0,-0.05,0.0,0.635,1,3.079,0.615,0.474,-0.091
9,6200,-25481.569,0.0,0.136,-5.266,-2.824,-1.298,0.0,-0.05,0.0,0.635,1,3.079,0.615,0.471,-0.091
9,6300,-26008.445,0.0,0.136,-5.273,-2.826,-1.302,0.0,-0.05,0.0,0.635,1,3.08,0.615,0.469,-0.092
9,6400,-26535.931,0.0,0.136,-5.277,-2.826,-1.306,0.0,-0.05,0.0,0.635,1,3.08,0.615,0.468,-0.091
9,6500,-27063.9,0.0,0.136,-5.283,-2.828,-1.31,0.0,-0.05,0.0,0.634,1,3.081,0.616,0.467,-0.091
9,6600,-27592.407,0.0,0.136,-5.288,-2.828,-1.314,0.0,-0.05,0.0,0.634,1,3.081,0.616,0.467,-0.09
9,6700,-28121.419,0.001,0.136,-5.293,-2.829,-1.317,0.0,-0.05,0.0,0.634,1,3.082,0.616,0.467,-0.09
9,6800,-28650.889,0.0,0.136,-5.297,-2.83,-1.321,0.0,-0.05,0.0,0.634,1,3.082,0.616,0.468,-0.089
9,6900,-29180.88,0.001,0.136,-5.303,-2.831,-1.325,0.0,-0.05,0.0,0.634,1,3.083,0.616,0.469,-0.088
9,7000,-29711.392,0.0,0.136,-5.308,-2.832,-1.328,0.0,-0.05,0.0,0.634,1,3.083,0.616,0.469,-0.087
9,7100,-30242.387,0.0,0.136,-5.313,-2.833,-1.332,0.0,-0.05,0.0,0.633,1,3.083,0.617,0.47,-0.086
9,7200,-30773.794,0.0,0.136,-5.316,-2.834,-1.335,0.0,-0.05,0.0,0.633,1,3.084,0.617,0.47,-0.085
9,7300,-31305.582,0.0,0.136,-5.32,-2.834,-1.337,0.0,-0.05,0.0,0.633,1,3.084,0.617,0.469,-0.085
9,7400,-31837.774,0.0,0.136,-5.324,-2.835,-1.341,0.0,-0.05,0.0,0.633,1,3.084,0.617,0.467,-0.086
9,7500,-32370.414,0.0,0.136,-5.329,-2.836,-1.344,0.0,-0.05,0.0,0.633,1,3.085,0.617,0.464,-0.087
9,7600,-32903.477,0.0,0.136,-5.334,-2.837,-1.347,0.0,-0.05,0.0,0.633,1,3.085,0.617,0.462,-0.087
9,7700,-33436.997,0.0,0.136,-5.337,-2.838,-1.35,0.0,-0.05,0.0,0.632,1,3.085,0.618,0.46,-0.087
9,7800,-33970.919,0.0,0.136,-5.342,-2.838,-1.353,0.0,-0.05,0.0,0.632,1,3.086,0.618,0.457,-0.088
9,7900,-34505.296,0.0,0.136,-5.346,-2.839,-1.357,0.0,-0.05,0.0,0.632,1,3.086,0.618,0.455,-0.088
9,8000,-35040.138,0.0,0.136,-5.351,-2.84,-1.36,0.0,-0.05,0.0,0.632,1,3.086,0.618,0.451,-0.09
10,100,30.355,0.0,0.152,0.076,0.0,0.0,0.0,-0.05,0.0,1.237,0,0.207,0.013,-1.0,0.0
10,200,48.049,0.0,0.147,0.042,0.0,0.0,0.0,-0.05,0.0,1.223,0,0.324,0.028,3.0,0.119
10,300,57.865,0.031,0.139,-0.005,0.0,0.0,0.0,-0.05,0.0,1.203,0,0.405,0.047,3.0,0.391
10,400,58.044,0.15,0.137,-0.076,-0.043,0.0,0.0,-0.05,0.0,1.191,0,0.438,0.06,1.273,-0.146
10,500,48.735,0.0,0.145,-0.172,-0.119,0.0,0.0,-0.05,0.0,1.176,0,0.489,0.074,3.0,-0.75
10,600,32.995,0.033,0.152,-0.21,-0.152,0.0,0.0,-0.05,0.0,1.17,0,0.524,0.08,3.0,-0.6
10,700,28.311,0.251,0.157,-0.193,-0.143,0.0,0.0,-0.05,0.0,1.171,0,0.692,0.078,3.0,0.1
10,800,25.185,0.217,0.146,-0.227,-0.158,0.0,0.0,-0.05,0.0,1.168,0,0.853,0.082,1.285,0.4
10,900,1.788,0.207,0.14,-0.392,-0.271,0.0,0.0,-0.05,0.0,1.146,0,0.945,0.105,-1.0,-0.012
10,1000,-39.266,0.006,0.143,-0.482,-0.339,0.0,0.0,-0.05,0.0,1.132,0,0.99,0.118,3.0,-0.434
10,1100,-84.334,0.0,0.144,-0.635,-0.449,0.0,0.0,-0.05,0.0,1.11,0,1.101,0.14,2.336,-0.134
10,1200,-145.155,0.195,0.145,-0.778,-0.551,0.0,0.0,-0.05,0.0,1.09,0,1.201,0.161,3.0,-0.16
10,1300,-48.422,0.0,0.11,-0.86,-0.584,0.0,0.0,-0.05,0.0,1.083,1,2.115,-0.168,-1.0,-0.16
10,1400,-132.246,0.053,0.109,-0.816,-0.554,0.0,0.0,-0.05,0.0,1.089,1,2.109,-0.161,-1.0,0.45
10,1500,-212.933,0.095,0.109,-0.78,-0.524,0.0,0.0,-0.05,0.0,1.095,1,2.106,-0.157,3.0,0.351
10,1600,-296.425,-0.018,0.111,-0.872,-0.595,0.0,0.0,-0.05,0.0,1.081,1,2.114,-0.169,-1.0,0.65
10,1700,-382.21,0.004,0.11,-0.842,-0.573,0.0,0.0,-0.05,0.0,1.085,1,2.11,-0.165,1.492,0.4
10,1800,-463.535,0.0,0.11,-0.822,-0.558,0.0,0.0,-0.05,0.0,1.088,1,2.106,-0.161,-0.458,0.45
10,1900,-545.747,-0.022,0.111,-0.865,-0.59,0.0,0.0,-0.05,0.0,1.082,1,2.111,-0.168,-1.0,0.55
10,2000,-632.78,-0.008,0.111,-0.853,-0.582,0.0,0.0,-0.05,0.0,1.084,1,2.109,-0.166,-1.0,0.703
10,2100,-718.072,0.033,0.11,-0.826,-0.56,0.0,0.0,-0.05,0.0,1.088,1,2.104,-0.163,-0.124,0.7
10,2200,-801.364,-0.04,0.11,-0.853,-0.582,0.0,0.0,-0.05,0.0,1.084,1,2.105,-0.165,-1.0,0.35
10,2300,-884.073,0.05,0.11,-0.841,-0.571,0.0,0.0,-0.05,0.0,1.086,1,2.104,-0.165,-1.0,0.6
10,2400,-966.561,0.0,0.109,-0.803,-0.544,0.0,0.0,-0.05,0.0,1.091,1,2.099,-0.159,-1.0,0.2
10,2500,-1043.148,-0.01,0.109,-0.751,-0.507,0.0,0.0,-0.05,0.0,1.099,1,2.093,-0.151,-1.0,0.1
10,2600,-1110.697,0.009,0.106,-0.572,-0.377,0.0,0.0,-0.05,0.0,1.125,1,2.075,-0.126,-1.0,0.264
10,2700,-1160.396,0.002,0.104,-0.44,-0.282,0.0,0.0,-0.05,0.0,1.144,1,2.063,-0.106,-1.0,-0.033
10,2800,-1198.205,-0.014,0.103,-0.324,-0.198,0.0,0.0,-0.05,0.0,1.16,1,2.051,-0.089,-1.0,0.014
10,2900,-1228.847,0.015,0.103,-0.287,-0.171,0.0,0.0,-0.05,0.0,1.166,1,2.048,-0.084,-1.0,-0.086
10,3000,-1258.706,-0.001,0.103,-0.302,-0.182,0.0,0.0,-0.05,0.0,1.164,1,2.05,-0.086,-1.0,-0.068
10,3100,-1284.166,0.002,0.104,-0.244,-0.141,0.0,0.0,-0.05,0.0,1.172,1,2.046,-0.079,-1.0,-0.029
10,3200,-1304.138,-0.003,0.106,-0.092,-0.037,0.0,0.0,-0.05,0.0,1.193,1,2.033,-0.056,0.792,-0.129
10,3300,-1360.138,-0.004,0.084,-0.934,-0.619,0.0,0.0,-0.05,0.0,1.076,1,1.955,0.174,-1.0,0.371
10,3400,-1467.133,-0.006,0.087,-1.191,-0.804,0.0,0.0,-0.05,0.0,1.039,1,1.953,0.211,-1.0,-0.716
10,3500,-1591.327,-0.002,0.09,-1.305,-0.888,0.0,0.0,-0.05,0.0,1.022,1,1.952,0.229,-1.0,-0.55
10,3600,-1727.154,0.0,0.091,-1.362,-0.931,0.0,0.0,-0.05,0.0,1.014,1,1.952,0.236,-1.0,-0.453
10,3700,-1862.66,0.004,0.092,-1.378,-0.943,0.0,0.0,-0.05,0.0,1.011,1,1.952,0.239,-1.0,-0.65
10,3800,-2004.586,-0.001,0.095,-1.475,-1.014,0.0,0.0,-0.05,0.0,0.997,1,1.948,0.253,-1.0,-0.65
10,3900,-2154.153,-0.015,0.097,-1.532,-1.054,0.0,0.0,-0.05,0.0,0.989,1,1.945,0.263,-1.0,-0.35
10,4000,-2307.301,0.006,0.097,-1.548,-1.067,0.0,0.0,-0.05,0.0,0.987,1,1.947,0.264,-1.0,-0.75
10,4100,-2461.994,0.016,0.097,-1.565,-1.082,0.0,0.0,-0.05,0.0,0.984,1,1.948,0.266,-1.0,-0.292
10,4200,-2612.436,-0.016,0.096,-1.446,-0.993,0.0,0.0,-0.05,0.0,1.001,1,1.953,0.249,-1.0,-0.164
10,4300,-2762.465,0.0,0.096,-1.511,-1.042,0.0,0.0,-0.05,0.0,0.992,1,1.95,0.258,-1.0,-0.3
10,4400,-2915.168,-0.02,0.097,-1.542,-1.063,0.0,0.0,-0.05,0.0,0.987,1,1.95,0.263,-1.0,-0.4
10,4500,-3073.321,-0.003,0.098,-1.583,-1.093,0.0,0.0,-0.05,0.0,0.981,1,1.948,0.269,-1.0,-0.705
10,4600,-3234.54,-0.005,0.099,-1.582,-1.095,0.0,0.0,-0.05,0.0,0.981,1,1.948,0.268,-1.0,-0.417
10,4700,-3391.073,0.0,0.098,-1.533,-1.058,0.0,0.0,-0.05,0.0,0.988,1,1.949,0.261,-1.0,-0.6
10,4800,-3544.258,-0.001,0.097,-1.497,-1.032,0.0,0.0,-0.05,0.0,0.994,1,1.952,0.256,-1.0,-0.35
10,4900,-3689.885,0.004,0.096,-1.36,-0.933,0.0,0.0,-0.05,0.0,1.013,1,1.959,0.237,-1.0,-0.539
10,5000,-3827.343,0.002,0.096,-1.337,-0.916,0.0,0.0,-0.05,0.0,1.017,1,1.96,0.233,-1.0,-0.562
10,5100,-3956.174,-0.019,0.095,-1.33,-0.911,0.0,0.0,-0.05,0.0,1.018,1,1.961,0.232,-1.0,-0.424
10,5200,-4087.76,0.0,0.095,-1.288,-0.881,0.0,0.0,-0.05,0.0,1.024,1,1.962,0.226,-1.0,-0.057
10,5300,-4224.57,0.108,0.117,-1.94,-1.364,0.0,0.0,-0.05,0.0,0.927,1,1.919,0.321,-1.0,-0.55
10,5400,-4414.425,-0.008,0.115,-1.877,-1.315,0.0,0.0,-0.05,0.0,0.937,1,1.926,0.314,-1.0,0.05
10,5500,-4599.854,-0.009,0.118,-1.803,-1.265,0.0,0.0,-0.05,0.0,0.947,1,1.934,0.303,-1.0,0.75
10,5600,-4775.114,0.065,0.121,-1.687,-1.185,0.0,0.0,-0.05,0.0,0.963,1,1.949,0.286,-1.0,0.35
10,5700,-4930.283,0.0,0.128,-1.489,-1.048,0.0,0.0,-0.05,0.0,0.99,1,1.973,0.26,-1.0,0.75
10,5800,-5066.472,0.042,0.137,-1.306,-0.924,0.0,0.0,-0.05,0.0,1.015,1,2.012,0.234,3.0,0.75
10,5900,-5182.553,0.0,0.148,-1.136,-0.812,0.0,0.0,-0.05,0.0,1.038,1,2.072,0.211,3.0,0.388
10,6000,-5283.456,0.123,0.153,-1.067,-0.765,0.0,0.0,-0.05,0.0,1.047,1,2.142,0.203,3.0,0.6
10,6100,-5386.617,0.0,0.14,-1.194,-0.844,0.0,0.0,-0.05,0.0,1.031,1,2.238,0.22,-1.0,0.4
10,6200,-5506.817,0.0,0.136,-1.326,-0.937,0.0,0.0,-0.05,0.0,1.013,1,2.288,0.237,-1.0,-0.206
10,6300,-5642.777,0.132,0.134,-1.451,-1.024,0.0,0.0,-0.05,0.0,0.995,1,2.341,0.255,3.0,0.285
10,6400,-5790.975,0.202,0.131,-1.55,-1.093,0.0,0.0,-0.05,0.0,0.981,1,2.372,0.269,3.0,0.29
10,6500,-5948.118,0.002,0.129,-1.616,-1.139,0.0,0.0,-0.05,0.0,0.972,1,2.387,0.278,-1.0,-0.11
10,6600,-6111.102,0.017,0.131,-1.669,-1.179,0.0,0.0,-0.05,0.0,0.964,1,2.402,0.286,-1.0,-0.251
10,6700,-6278.173,0.0,0.131,-1.666,-1.177,0.0,0.0,-0.05,0.0,0.965,1,2.4,0.285,3.0,-0.351
10,6800,-6446.212,0.0,0.136,-1.785,-1.263,0.0,0.0,-0.05,0.0,0.947,1,2.437,0.304,3.0,-0.6
10,6900,-6623.777,-0.005,0.139,-2.054,-1.458,0.0,0.0,-0.05,0.0,0.908,1,2.579,0.342,-1.0,-0.1
10,7000,-6829.307,-0.036,0.139,-2.233,-1.587,0.0,0.0,-0.05,0.0,0.883,1,2.684,0.367,-1.0,0.4
10,7100,-7052.099,-0.013,0.133,-2.301,-1.631,0.0,0.0,-0.05,0.0,0.874,1,2.719,0.376,-1.0,0.3
10,7200,-7282.629,-0.039,0.133,-2.421,-1.717,0.0,0.0,-0.05,0.0,0.857,1,2.758,0.393,3.0,0.4
10,7300,-7526.348,0.042,0.131,-2.501,-1.772,0.0,0.0,-0.05,0.0,0.846,1,2.781,0.405,-1.0,0.3
10,7400,-7791.978,0.01,0.111,-2.945,-2.076,0.0,0.0,-0.05,0.0,0.785,1,2.876,0.465,-1.0,0.272
10,7500,-8087.058,-0.003,0.111,-2.957,-2.084,0.0,0.0,-0.05,0.0,0.783,1,2.878,0.467,-0.151,0.327
10,7600,-8385.488,-0.042,0.11,-2.988,-2.106,0.0,0.0,-0.05,0.0,0.779,1,2.882,0.471,-0.135,0.027
10,7700,-8683.671,0.021,0.109,-2.948,-2.075,0.0,0.0,-0.05,0.0,0.785,1,2.876,0.466,-1.0,-0.696
10,7800,-8979.713,0.0,0.108,-2.946,-2.074,0.0,0.0,-0.05,0.0,0.785,1,2.874,0.465,-1.0,-0.396
10,7900,-9276.759,0.01,0.11,-3.016,-2.126,0.0,0.0,-0.05,0.0,0.775,1,2.883,0.475,3.0,-0.7
10,8000,-9580.4,0.0,0.111,-3.05,-2.151,0.0,0.0,-0.05,0.0,0.77,1,2.888,0.48,3.0,-0.4
12,100,31.546,0.148,0.156,0.098,0.0,0.0,0.0,-0.05,0.0,1.246,0,0.213,-0.004,3.0,0.2
12,200,49.361,0.298,0.149,0.094,0.0,0.0,0.0,-0.05,0.0,1.246,0,0.295,-0.002,3.0,0.35
12,300,69.737,-0.016,0.15,0.058,0.0,0.0,0.0,-0.05,0.0,1.23,0,0.423,0.021,3.0,-0.239
12,400,91.357,0.128,0.15,0.026,0.0,0.0,0.0,-0.05,0.0,1.214,0,0.597,0.037,2.616,-0.171
12,500,109.189,0.257,0.155,0.016,0.0,0.0,0.0,-0.05,0.0,1.206,0,0.755,0.045,3.0,0.129
12,600,122.095,-0.047,0.143,-0.083,-0.054,0.0,0.0,-0.05,0.0,1.189,0,0.905,0.061,3.0,0.529
12,700,112.447,0.322,0.137,-0.184,-0.121,0.0,0.0,-0.05,0.0,1.176,0,0.954,0.075,-0.92,0.194
12,800,92.405,0.0,0.14,-0.263,-0.181,0.0,0.0,-0.05,0.0,1.164,0,0.987,0.086,-1.0,-0.6
12,900,68.231,0.095,0.148,-0.34,-0.241,0.0,0.0,-0.05,0.0,1.152,0,1.045,0.098,1.282,-0.6
12,1000,45.089,0.0,0.154,-0.413,-0.298,0.0,0.0,-0.05,0.0,1.14,0,1.195,0.11,3.0,-0.25
12,1100,21.809,0.148,0.155,-0.323,-0.235,0.0,0.0,-0.05,0.0,1.153,0,1.338,0.097,3.0,0.585
12,1200,-3.348,0.087,0.145,-0.377,-0.266,0.0,0.0,-0.05,0.0,1.147,0,1.425,0.103,3.0,0.385
12,1300,-40.704,-0.052,0.139,-0.493,-0.343,0.0,0.0,-0.05,0.0,1.131,0,1.494,0.119,3.0,0.45
12,1400,-88.631,-0.001,0.136,-0.521,-0.362,0.0,0.0,-0.05,0.0,1.128,0,1.516,0.122,-1.0,-0.0
12,1500,-142.07,0.02,0.143,-0.68,-0.481,0.0,0.0,-0.05,0.0,1.104,0,1.587,0.146,-1.0,-0.7
12,1600,-204.919,0.192,0.15,-0.721,-0.513,0.0,0.0,-0.05,0.0,1.097,0,1.65,0.154,3.0,-0.383
12,1700,-157.523,0.569,0.156,-0.722,-0.52,0.0,0.0,-0.05,0.0,1.096,1,1.85,0.154,3.0,0.017
12,1800,-222.007,0.088,0.147,-0.743,-0.528,0.0,0.0,-0.05,0.0,1.094,1,1.943,0.156,3.0,0.55
12,1900,-296.314,-0.001,0.137,-0.838,-0.589,0.0,0.0,-0.05,0.0,1.082,1,1.994,0.168,-1.0,0.25
12,2000,-382.816,-0.014,0.135,-0.964,-0.678,0.0,0.0,-0.05,0.0,1.064,1,2.035,0.186,3.0,0.15
12,2100,-479.317,0.101,0.136,-1.065,-0.748,0.0,0.0,-0.05,0.0,1.05,1,2.07,0.202,3.0,-0.35
12,2200,-590.355,-0.004,0.136,-1.223,-0.863,0.0,0.0,-0.05,0.0,1.027,1,2.126,0.223,-0.683,0.45
12,2300,-713.443,0.003,0.132,-1.282,-0.902,0.0,0.0,-0.05,0.0,1.02,1,2.147,0.231,3.0,0.55
12,2400,-841.518,0.0,0.13,-1.33,-0.936,0.0,0.0,-0.05,0.0,1.013,1,2.16,0.237,0.394,-0.15
12,2500,-975.582,-0.007,0.132,-1.387,-0.977,0.0,0.0,-0.05,0.0,1.005,1,2.175,0.246,2.211,0.007
12,2600,-1114.769,-0.009,0.134,-1.445,-1.02,0.0,0.0,-0.05,0.0,0.996,1,2.192,0.254,3.0,-0.75
12,2700,-1258.729,0.0,0.145,-1.609,-1.146,0.0,0.0,-0.05,0.0,0.971,1,2.277,0.279,-0.522,-0.028
12,2800,-1415.449,0.0,0.142,-1.796,-1.277,0.0,0.0,-0.05,0.0,0.945,1,2.415,0.305,3.0,-0.0
12,2900,-1586.295,0.291,0.153,-1.897,-1.357,0.0,0.0,-0.05,0.0,0.929,1,2.566,0.322,3.0,0.009
12,3000,-1760.975,0.231,0.145,-1.978,-1.408,0.0,0.0,-0.05,0.0,0.918,1,2.749,0.332,-1.0,0.309
12,3100,-1959.134,-0.009,0.134,-2.097,-1.487,0.0,0.0,-0.05,0.0,0.903,1,2.811,0.347,3.0,0.35
12,3200,-2168.947,0.037,0.133,-2.129,-1.509,0.0,0.0,-0.05,0.0,0.898,1,2.826,0.352,3.0,-0.15
12,3300,-2383.573,0.078,0.132,-2.236,-1.584,0.0,0.0,-0.05,0.0,0.883,1,2.86,0.367,-1.0,0.05
12,3400,-2610.617,-2.536,0.131,-2.205,-1.561,0.0,0.0,-0.05,0.0,0.888,1,2.848,0.362,-1.0,-0.073
12,3500,-2831.813,0.028,0.131,-2.276,-1.612,0.0,0.0,-0.05,0.0,0.878,1,2.867,0.373,-1.0,-0.073
12,3600,-3060.52,0.17,0.133,-2.337,-1.655,0.0,0.0,-0.05,0.0,0.869,1,2.889,0.383,0.833,0.127
12,3700,-3299.508,0.011,0.135,-2.521,-1.79,0.0,0.0,-0.05,0.0,0.842,1,2.954,0.408,-1.0,0.127
12,3800,-3552.783,-0.02,0.133,-2.577,-1.829,0.0,0.0,-0.05,0.0,0.834,1,2.978,0.416,3.0,0.673
12,3900,-3811.918,0.046,0.13,-2.656,-1.882,0.0,0.0,-0.05,0.0,0.824,1,3.004,0.427,-1.0,0.174
12,4000,-4078.29,0.049,0.128,-2.673,-1.894,0.0,0.0,-0.05,0.0,0.821,1,3.011,0.429,-0.353,0.684
12,4100,-4344.671,-0.007,0.128,-2.654,-1.88,0.0,0.0,-0.05,0.0,0.824,1,3.008,0.426,-1.0,0.7
12,4200,-4610.007,0.0,0.128,-2.682,-1.9,0.0,0.0,-0.05,0.0,0.82,1,3.017,0.43,1.304,-0.65
12,4300,-4879.864,0.02,0.128,-2.768,-1.96,0.0,0.0,-0.05,0.0,0.808,1,3.04,0.443,0.867,-0.15
12,4400,-5158.205,-0.006,0.128,-2.804,-1.987,0.0,0.0,-0.05,0.0,0.803,1,3.048,0.447,1.084,-0.05
12,4500,-5439.471,0.001,0.128,-2.832,-2.007,0.0,0.0,-0.05,0.0,0.799,1,3.053,0.451,-1.0,-0.055
12,4600,-5722.543,0.031,0.129,-2.858,-2.025,0.0,0.0,-0.05,0.0,0.795,1,3.061,0.456,0.48,-0.42
12,4700,-6009.114,0.0,0.133,-2.942,-2.087,0.0,0.0,-0.05,0.0,0.783,1,3.088,0.469,-1.0,-0.344
12,4800,-6305.929,0.041,0.136,-3.07,-2.183,0.0,0.0,-0.05,0.0,0.763,1,3.145,0.486,-1.0,0.556
12,4900,-6613.651,0.0,0.134,-3.223,-2.291,0.0,0.0,-0.05,0.0,0.742,1,3.208,0.508,1.076,0.147
12,5000,-6936.733,0.045,0.131,-3.343,-2.374,0.0,0.0,-0.05,0.0,0.725,1,3.257,0.525,3.0,0.569
12,5100,-7271.418,0.069,0.129,-3.372,-2.393,0.0,0.0,-0.05,0.0,0.721,1,3.267,0.529,-0.784,-0.131
12,5200,-7610.68,-0.002,0.129,-3.439,-2.442,0.0,0.0,-0.05,0.0,0.712,1,3.287,0.538,0.551,-0.331
12,5300,-7955.987,0.0,0.13,-3.477,-2.468,0.0,0.0,-0.05,0.0,0.706,1,3.299,0.544,-1.0,-0.069
12,5400,-8313.268,0.0,0.132,-3.906,-2.572,-0.287,0.0,-0.05,0.0,0.686,1,3.349,0.565,-1.0,0.131
12,5500,-8691.455,0.113,0.145,-3.349,-2.389,0.0,0.0,-0.05,0.0,0.722,1,3.189,0.527,2.442,0.431
12,5600,-9021.218,0.231,0.145,-3.432,-2.448,0.0,0.0,-0.05,0.0,0.71,1,3.282,0.54,0.073,-0.169
12,5700,-9356.652,0.0,0.141,-3.542,-2.506,-0.024,0.0,-0.05,0.0,0.699,1,3.421,0.551,2.07,0.531
12,5800,-9714.312,0.122,0.135,-3.711,-2.536,-0.144,0.0,-0.05,0.0,0.693,1,3.456,0.558,-0.69,0.201
12,5900,-10095.575,0.084,0.132,-3.977,-2.585,-0.339,0.0,-0.05,0.0,0.683,1,3.485,0.567,-1.0,0.371
12,6000,-10511.111,0.0,0.135,-4.552,-2.692,-0.768,0.0,-0.05,0.0,0.662,1,3.551,0.588,-1.0,-0.429
12,6100,-10974.901,0.004,0.142,-4.753,-2.731,-0.922,0.0,-0.05,0.0,0.654,1,3.595,0.596,-1.0,-0.45
12,6200,-11438.35,0.0,0.156,-4.573,-2.7,-0.801,0.0,-0.05,0.0,0.66,1,3.721,0.589,3.0,-0.05
12,6300,-11826.968,0.192,0.151,-3.77,-2.55,-0.201,0.0,-0.05,0.0,0.69,1,3.917,0.56,3.0,0.48
12,6400,-12202.243,-0.019,0.142,-3.787,-2.552,-0.207,0.0,-0.05,0.0,0.69,1,3.956,0.56,0.824,0.45
12,6500,-12601.686,0.006,0.134,-4.314,-2.648,-0.591,0.0,-0.05,0.0,0.67,1,4.047,0.58,-0.115,0.15
12,6600,-13028.938,0.058,0.133,-4.256,-2.637,-0.548,0.0,-0.05,0.0,0.673,1,4.051,0.577,-1.0,0.45
12,6700,-13458.358,0.024,0.129,-4.37,-2.657,-0.629,0.0,-0.05,0.0,0.669,1,4.074,0.582,-0.234,0.25
12,6800,-13908.525,0.025,0.128,-4.636,-2.706,-0.825,0.0,-0.05,0.0,0.659,1,4.099,0.592,-1.0,-0.064
12,6900,-14385.278,0.171,0.134,-4.994,-2.774,-1.094,0.0,-0.05,0.0,0.645,1,4.145,0.605,3.0,-0.69
12,7000,-14897.632,0.205,0.143,-5.234,-2.82,-1.279,0.0,-0.05,0.0,0.636,1,4.196,0.614,3.0,-0.279
12,7100,-15412.61,0.0,0.144,-5.37,-2.845,-1.381,0.0,-0.05,0.0,0.631,1,4.352,0.619,3.0,0.221
12,7200,-15948.769,0.165,0.144,-5.518,-2.873,-1.49,0.0,-0.05,0.0,0.625,1,4.452,0.624,-1.0,-0.479
12,7300,-16484.762,0.286,0.145,-5.441,-2.859,-1.434,0.0,-0.05,0.0,0.628,1,4.584,0.622,-1.0,0.1
12,7400,-17025.835,0.0,0.137,-5.503,-2.868,-1.474,0.0,-0.05,0.0,0.626,1,4.642,0.624,3.0,0.5
12,7500,-17592.813,0.0,0.151,-5.194,-2.814,-1.255,0.0,-0.05,0.0,0.637,1,4.541,0.613,3.0,0.5
12,7600,-18093.168,0.128,0.137,-5.18,-2.808,-1.234,0.0,-0.05,0.0,0.638,1,4.647,0.612,-1.0,0.3
12,7700,-18613.924,-0.062,0.132,-5.299,-2.83,-1.319,0.0,-0.05,0.0,0.634,1,4.675,0.616,3.0,0.05
12,7800,-19144.461,0.165,0.131,-5.487,-2.864,-1.458,0.0,-0.05,0.0,0.627,1,4.704,0.623,3.0,0.25
12,7900,-19701.586,0.0,0.131,-5.735,-2.91,-1.641,0.0,-0.05,0.0,0.618,1,4.741,0.632,3.0,-0.05
12,8000,-20290.747,-0.022,0.134,-6.053,-2.97,-1.88,0.0,-0.05,0.0,0.606,1,4.801,0.644,3.0,-0.378
13,100,24.86,0.006,0.156,0.087,0.0,0.0,0.0,-0.05,0.0,1.241,0,0.154,-0.009,3.0,0.724
13,200,40.406,0.0,0.145,0.09,0.0,0.0,0.0,-0.05,0.0,1.248,0,0.221,-0.002,3.0,0.423
13,300,52.515,0.012,0.14,0.071,0.0,0.0,0.0,-0.05,0.0,1.241,0,0.264,0.009,3.0,0.176
13,400,60.982,0.191,0.139,0.053,0.0,0.0,0.0,-0.05,0.0,1.233,0,0.286,0.018,1.022,-0.124
13,500,68.706,0.054,0.142,0.029,0.0,0.0,0.0,-0.05,0.0,1.219,0,0.326,0.031,3.0,-0.5
13,600,77.99,0.057,0.142,-0.016,-0.006,0.0,0.0,-0.05,0.0,1.199,0,0.405,0.051,3.0,0.213
13,700,76.082,0.0,0.136,-0.102,-0.063,0.0,0.0,-0.05,0.0,1.187,0,0.444,0.063,-1.0,0.184
13,800,64.756,0.0,0.139,-0.187,-0.126,0.0,0.0,-0.05,0.0,1.175,0,0.478,0.075,3.0,-0.616
13,900,46.217,0.156,0.146,-0.296,-0.208,0.0,0.0,-0.05,0.0,1.158,0,0.539,0.092,1.281,-0.35
13,1000,25.228,0.199,0.153,-0.322,-0.232,0.0,0.0,-0.05,0.0,1.154,0,0.66,0.096,3.0,-0.24
13,1100,18.441,0.2,0.149,-0.109,-0.079,0.0,0.0,-0.05,0.0,1.184,0,0.813,0.065,3.0,0.454
13,1200,20.521,0.231,0.151,-0.046,-0.033,0.0,0.0,-0.05,0.0,1.193,0,0.895,0.057,-1.0,0.3
13,1300,19.211,0.0,0.139,-0.133,-0.086,0.0,0.0,-0.05,0.0,1.183,0,0.978,0.068,3.0,0.5
13,1400,4.947,-0.002,0.14,-0.258,-0.176,0.0,0.0,-0.05,0.0,1.165,0,1.029,0.086,-1.0,-0.264
13,1500,-21.772,0.103,0.147,-0.349,-0.246,0.0,0.0,-0.05,0.0,1.151,0,1.083,0.1,2.982,-0.75
13,1600,-96.584,0.02,0.061,-1.533,-1.032,0.0,0.0,-0.05,0.0,0.994,0,1.418,-0.256,-1.0,-0.3
13,1700,-237.38,0.0,0.065,-1.338,-0.895,0.0,0.0,-0.05,0.0,1.021,0,1.424,-0.229,-0.468,-0.6
13,1800,-363.771,0.011,0.069,-1.198,-0.798,0.0,0.0,-0.05,0.0,1.04,0,1.429,-0.209,-1.0,-0.45
13,1900,-473.839,0.001,0.074,-0.965,-0.638,0.0,0.0,-0.05,0.0,1.072,0,1.431,-0.175,-1.0,-0.15
13,2000,-554.416,0.004,0.077,-0.724,-0.466,0.0,0.0,-0.05,0.0,1.107,0,1.431,-0.142,-1.0,-0.65
13,2100,-616.81,0.007,0.081,-0.571,-0.36,0.0,0.0,-0.05,0.0,1.128,0,1.432,-0.121,-1.0,-0.5
13,2200,-669.43,0.002,0.084,-0.454,-0.277,0.0,0.0,-0.05,0.0,1.145,0,1.432,-0.105,-1.0,-0.75
13,2300,-707.503,0.001,0.089,-0.318,-0.184,0.0,0.0,-0.05,0.0,1.163,0,1.428,-0.087,-1.0,-0.75
13,2400,-733.34,-0.031,0.094,-0.13,-0.053,0.0,0.0,-0.05,0.0,1.189,0,1.422,-0.06,-1.0,-0.4
13,2500,-743.86,0.005,0.095,-0.067,-0.008,0.0,0.0,-0.05,0.0,1.198,0,1.419,-0.052,-1.0,-0.151
13,2600,-748.341,-0.001,0.097,-0.033,0.0,0.0,0.0,-0.05,0.0,1.21,0,1.416,-0.04,-1.0,-0.6
13,2700,-750.762,0.005,0.098,-0.017,0.0,0.0,0.0,-0.05,0.0,1.217,0,1.415,-0.032,-1.0,-0.6
13,2800,-751.218,-0.005,0.101,0.006,0.0,0.0,0.0,-0.05,0.0,1.228,0,1.414,-0.022,-1.0,-0.6
13,2900,-749.896,0.002,0.102,0.015,0.0,0.0,0.0,-0.05,0.0,1.232,0,1.415,-0.018,-1.0,-0.551
13,3000,-747.715,-0.002,0.104,0.043,0.0,0.0,0.0,-0.05,0.0,1.244,0,1.409,-0.006,-1.0,-0.462
13,3100,-743.897,-0.003,0.106,0.04,0.0,0.0,0.0,-0.05,0.0,1.242,0,1.401,0.008,-0.73,-0.351
13,3200,-742.496,-0.054,0.108,0.014,0.0,0.0,0.0,-0.05,0.0,1.231,0,1.393,0.022,-1.0,0.049
13,3300,-744.648,-0.025,0.106,-0.035,0.0,0.0,0.0,-0.05,0.0,1.207,0,1.377,0.045,-1.0,-0.026
13,3400,-757.142,0.027,0.11,-0.228,-0.135,0.0,0.0,-0.05,0.0,1.173,0,1.358,0.077,-1.0,-0.326
13,3500,-784.614,-0.044,0.112,-0.307,-0.19,0.0,0.0,-0.05,0.0,1.162,0,1.35,0.089,-1.0,-0.326
13,3600,-839.19,-0.009,0.124,-1.147,-0.8,0.0,0.0,-0.05,0.0,1.04,0,1.249,0.21,-1.0,-0.126
13,3700,-955.816,-0.002,0.124,-1.153,-0.805,0.0,0.0,-0.05,0.0,1.039,0,1.248,0.211,1.967,0.127
13,3800,-1072.512,0.0,0.123,-1.178,-0.822,0.0,0.0,-0.05,0.0,1.036,0,1.243,0.215,3.0,0.617
13,3900,-1194.936,-0.017,0.121,-1.26,-0.879,0.0,0.0,-0.05,0.0,1.024,0,1.231,0.226,-1.0,0.7
13,4000,-1322.94,-0.027,0.12,-1.297,-0.904,0.0,0.0,-0.05,0.0,1.019,0,1.225,0.231,-1.0,0.7
13,4100,-1454.015,-0.019,0.119,-1.314,-0.917,0.0,0.0,-0.05,0.0,1.017,0,1.222,0.233,-1.0,0.75
13,4200,-1588.461,-0.045,0.118,-1.367,-0.952,0.0,0.0,-0.05,0.0,1.01,0,1.215,0.241,-1.0,0.45
13,4300,-1727.377,-0.003,0.117,-1.411,-0.984,0.0,0.0,-0.05,0.0,1.003,0,1.209,0.247,-0.204,0.7
13,4400,-1871.758,-0.002,0.115,-1.472,-1.026,0.0,0.0,-0.05,0.0,0.995,0,1.202,0.255,-1.0,0.325
13,4500,-2023.989,-0.021,0.114,-1.554,-1.083,0.0,0.0,-0.05,0.0,0.983,0,1.194,0.267,-1.0,0.525
13,4600,-2185.58,-0.057,0.112,-1.69,-1.177,0.0,0.0,-0.05,0.0,0.965,0,1.18,0.287,-1.0,0.109
13,4700,-2357.785,0.004,0.111,-1.747,-1.22,0.0,0.0,-0.05,0.0,0.956,0,1.176,0.294,-1.0,0.051
13,4800,-2538.659,-0.003,0.11,-1.865,-1.303,0.0,0.0,-0.05,0.0,0.939,0,1.167,0.311,-1.0,0.265
13,4900,-2729.961,-0.014,0.109,-1.96,-1.37,0.0,0.0,-0.05,0.0,0.926,0,1.161,0.324,-1.0,-0.012
13,5000,-2927.804,0.0,0.109,-2.019,-1.412,0.0,0.0,-0.05,0.0,0.918,0,1.157,0.333,-1.0,-0.138
13,5100,-3131.764,-0.005,0.11,-2.036,-1.425,0.0,0.0,-0.05,0.0,0.915,0,1.156,0.335,-1.0,-0.238
13,5200,-3337.819,0.0,0.11,-2.093,-1.465,0.0,0.0,-0.05,0.0,0.907,0,1.152,0.344,3.0,0.262
13,5300,-3555.529,-0.013,0.108,-2.232,-1.564,0.0,0.0,-0.05,0.0,0.887,0,1.142,0.363,-1.0,0.1
13,5400,-3789.146,-0.004,0.107,-2.368,-1.661,0.0,0.0,-0.05,0.0,0.868,0,1.134,0.382,-1.0,0.3
13,5500,-4034.749,-0.043,0.108,-2.525,-1.773,0.0,0.0,-0.05,0.0,0.845,0,1.125,0.405,-1.0,-0.291
13,5600,-4297.688,-0.003,0.11,-2.657,-1.869,0.0,0.0,-0.05,0.0,0.826,0,1.117,0.424,-1.0,-0.129
13,5700,-4537.788,-0.039,0.102,-2.306,-1.612,0.0,0.0,-0.05,0.0,0.878,0,1.14,0.373,-1.0,-0.45
13,5800,-4769.666,0.002,0.102,-2.305,-1.612,0.0,0.0,-0.05,0.0,0.878,0,1.14,0.372,-1.0,-0.5
13,5900,-4999.941,-0.022,0.101,-2.299,-1.607,0.0,0.0,-0.05,0.0,0.879,0,1.142,0.372,-1.0,-0.65
13,6000,-5233.969,0.006,0.103,-2.39,-1.674,0.0,0.0,-0.05,0.0,0.865,0,1.139,0.385,-1.0,-0.603
13,6100,-5479.826,0.016,0.106,-2.501,-1.755,0.0,0.0,-0.05,0.0,0.849,0,1.133,0.401,-1.0,-0.202
13,6200,-5732.82,-0.018,0.106,-2.539,-1.781,0.0,0.0,-0.05,0.0,0.844,0,1.131,0.407,-1.0,-0.402
13,6300,-6003.896,-0.043,0.11,-2.786,-1.958,0.0,0.0,-0.05,0.0,0.808,0,1.117,0.444,-1.0,0.198
13,6400,-6286.631,0.032,0.109,-2.813,-1.98,0.0,0.0,-0.05,0.0,0.804,0,1.116,0.446,-1.0,0.044
13,6500,-6565.658,0.0,0.109,-2.796,-1.968,0.0,0.0,-0.05,0.0,0.806,0,1.117,0.444,0.07,-0.052
13,6600,-6844.569,-0.024,0.11,-2.8,-1.971,0.0,0.0,-0.05,0.0,0.806,0,1.117,0.445,-1.0,-0.452
13,6700,-7131.199,0.039,0.111,-2.88,-2.03,0.0,0.0,-0.05,0.0,0.794,0,1.113,0.456,-1.0,-0.6
13,6800,-7425.677,-0.023,0.114,-2.996,-2.113,0.0,0.0,-0.05,0.0,0.777,0,1.105,0.473,-1.0,-0.627
13,6900,-7729.579,0.0,0.117,-3.082,-2.178,0.0,0.0,-0.05,0.0,0.764,0,1.1,0.486,-1.0,-0.6
13,7000,-8037.739,0.076,0.116,-3.043,-2.15,0.0,0.0,-0.05,0.0,0.77,0,1.105,0.48,-1.0,-0.1
13,7100,-8342.056,-0.008,0.115,-3.053,-2.155,0.0,0.0,-0.05,0.0,0.769,0,1.104,0.482,1.362,0.4
13,7200,-8658.735,-0.001,0.115,-3.213,-2.27,0.0,0.0,-0.05,0.0,0.746,0,1.093,0.504,2.78,-0.1
13,7300,-8981.245,0.019,0.115,-3.25,-2.296,0.0,0.0,-0.05,0.0,0.741,0,1.091,0.509,-1.0,0.2
13,7400,-9316.197,-0.025,0.113,-3.41,-2.409,0.0,0.0,-0.05,0.0,0.718,0,1.08,0.532,-0.819,0.3
